Route,Location,URL,"Avg Stars","Your Stars","Route Type",Rating,Pitches,Length,"Area Latitude","Area Longitude"
"The Gift","Long Wall > Red River Gorge > Kentucky",https://www.mountainproject.com/route/105917897/the-gift,3.9,-1,Sport,5.12a,1,70,37.8446,-83.6686
"Are the Pies Fresh?","Long Wall > Red River Gorge > Kentucky",https://www.mountainproject.com/route/105917901/are-the-pies-fresh,3.0,-1,Sport,5.12a,2,70110,37.8446,-83.6686
Bloodline,"Long Wall > Red River Gorge > Kentucky",https://www.mountainproject.com/route/107667764/bloodline,3.6,-1,Trad,5.12-,1,90,37.8446,-83.6686
Gladuator,"Long Wall > Red River Gorge > Kentucky",https://www.mountainproject.com/route/107195829/gladuator,3.0,-1,Sport,5.12b,1,35,37.8446,-83.6686
"The Approach","Long Wall > Red River Gorge > Kentucky",https://www.mountainproject.com/route/110547559/the-approach,1.9,-1,Trad,"5.12+ R",1,2000,37.8446,-83.6686
"Sacred Geometry","Long Wall > Red River Gorge > Kentucky",https://www.mountainproject.com/route/107667738/sacred-geometry,4.0,-1,Trad,"5.13 PG13",2,80,37.8446,-83.6686
"Straight Edge","Pebble Beach > Red River Gorge > Kentucky",https://www.mountainproject.com/route/105885201/straight-edge,3.2,-1,Sport,5.12a,1,50,37.8588,-83.67163
"Welcome to ol' Kentuck","Pebble Beach > Red River Gorge > Kentucky",https://www.mountainproject.com/route/106292346/welcome-to-ol-kentuck,4.0,-1,Trad,5.13a,1,50,37.8588,-83.67163
Pine,"Graining Fork Nature Preserve (a.k.a. Roadside Crag) > Red River Gorge > Kentucky",https://www.mountainproject.com/route/106584364/pine,3.5,-1,Sport,5.12a,1,90,37.7334,-83.6591
"Home Is Where the Heart Is","Graining Fork Nature Preserve (a.k.a. Roadside Crag) > Red River Gorge > Kentucky",https://www.mountainproject.com/route/106961737/home-is-where-the-heart-is,3.0,-1,Trad,5.12a,1,50,37.7334,-83.6591
"Stay the Hand","Graining Fork Nature Preserve (a.k.a. Roadside Crag) > Red River Gorge > Kentucky",https://www.mountainproject.com/route/105880953/stay-the-hand,3.3,-1,Sport,5.12a,1,50,37.7334,-83.6591
"Ro Shampo","Graining Fork Nature Preserve (a.k.a. Roadside Crag) > Red River Gorge > Kentucky",https://www.mountainproject.com/route/105860759/ro-shampo,3.7,-1,Sport,5.12a,1,60,37.7334,-83.6591
"Way Up Yonder","Graining Fork Nature Preserve (a.k.a. Roadside Crag) > Red River Gorge > Kentucky",https://www.mountainproject.com/route/106037239/way-up-yonder,3.1,-1,Sport,5.12a,2,100,37.7334,-83.6591
"Release the Kraken","Graining Fork Nature Preserve (a.k.a. Roadside Crag) > Red River Gorge > Kentucky",https://www.mountainproject.com/route/115444031/release-the-kraken,3.3,-1,Sport,5.12-,1,95,37.7334,-83.6591
"Jersey Connection","Graining Fork Nature Preserve (a.k.a. Roadside Crag) > Red River Gorge > Kentucky",https://www.mountainproject.com/route/106045278/jersey-connection,3.3,-1,Sport,5.12b,1,50,37.7334,-83.6591
Tic-Tac-Toe,"Graining Fork Nature Preserve (a.k.a. Roadside Crag) > Red River Gorge > Kentucky",https://www.mountainproject.com/route/106045283/tic-tac-toe,3.0,-1,Sport,5.12b,1,60,37.7334,-83.6591
"Strevels Gets in Shape","Graining Fork Nature Preserve (a.k.a. Roadside Crag) > Red River Gorge > Kentucky",https://www.mountainproject.com/route/106233733/strevels-gets-in-shape,3.4,-1,Sport,5.12b,1,90,37.7334,-83.6591
"Science Friction","Graining Fork Nature Preserve (a.k.a. Roadside Crag) > Red River Gorge > Kentucky",https://www.mountainproject.com/route/116694605/science-friction,3.0,-1,Sport,5.12c,1,70,37.7334,-83.6591
"Wild Gift","Graining Fork Nature Preserve (a.k.a. Roadside Crag) > Red River Gorge > Kentucky",https://www.mountainproject.com/route/105945822/wild-gift,3.6,-1,Sport,5.12c,1,50,37.7334,-83.6591
"Stay the Hand (Direct Start)","Graining Fork Nature Preserve (a.k.a. Roadside Crag) > Red River Gorge > Kentucky",https://www.mountainproject.com/route/116601062/stay-the-hand-direct-start,2.0,-1,Sport,5.12c,1,50,37.7334,-83.6591
"Wicked Games","Graining Fork Nature Preserve (a.k.a. Roadside Crag) > Red River Gorge > Kentucky",https://www.mountainproject.com/route/106062725/wicked-games,4.0,-1,Sport,5.12d,1,85,37.7334,-83.6591
Chunnel,"Graining Fork Nature Preserve (a.k.a. Roadside Crag) > Red River Gorge > Kentucky",https://www.mountainproject.com/route/106727781/chunnel,3.0,-1,Sport,5.13a,1,50,37.7334,-83.6591
"The Bulge","Emerald City > Red River Gorge > Kentucky",https://www.mountainproject.com/route/114322124/the-bulge,0.0,-1,Sport,5.12a,1,40,37.75195,-83.66364
"Deep Six","Global Village > Red River Gorge > Kentucky",https://www.mountainproject.com/route/106309901/deep-six,3.9,-1,Sport,5.12b,1,110,37.75162,-83.65731
"Crouching Tiger","Pistol Ridge > Red River Gorge > Kentucky",https://www.mountainproject.com/route/107989289/crouching-tiger,3.0,-1,Trad,5.12-,1,50,37.86342,-83.67403
"Solar Flare","Pistol Ridge > Red River Gorge > Kentucky",https://www.mountainproject.com/route/110189042/solar-flare,4.0,-1,Trad,"5.12b PG13",2,115,37.86342,-83.67403
"Hidden Dragon","Pistol Ridge > Red River Gorge > Kentucky",https://www.mountainproject.com/route/107989299/hidden-dragon,4.0,-1,Trad,5.12c,1,50,37.86342,-83.67403
"Stranger Than Paradise","Blackburn Rock > Red River Gorge > Kentucky",https://www.mountainproject.com/route/105870787/stranger-than-paradise,3.0,-1,Trad,5.12c,1,30,37.87572,-83.70343
"Glory Be","Funk Rock City > Red River Gorge > Kentucky",https://www.mountainproject.com/route/107857060/glory-be,3.4,-1,Sport,5.12a,1,80,37.8029,-83.5762
"Hardcore Jollies","Funk Rock City > Red River Gorge > Kentucky",https://www.mountainproject.com/route/105868713/hardcore-jollies,2.6,-1,Sport,5.12a,1,50,37.8029,-83.5762
"Frugal Chariot","Funk Rock City > Red River Gorge > Kentucky",https://www.mountainproject.com/route/106599342/frugal-chariot,3.0,-1,Sport,"5.12a PG13",1,90,37.8029,-83.5762
"Go Easy Billy Clyde!","Funk Rock City > Red River Gorge > Kentucky",https://www.mountainproject.com/route/106282988/go-easy-billy-clyde,3.3,-1,Sport,5.12a,1,75,37.8029,-83.5762
"Orange Juice","Funk Rock City > Red River Gorge > Kentucky",https://www.mountainproject.com/route/106599268/orange-juice,3.9,-1,Sport,5.12c,1,90,37.8029,-83.5762
Seppuku,"Funk Rock City > Red River Gorge > Kentucky",https://www.mountainproject.com/route/106599306/seppuku,3.0,-1,Sport,"5.12d PG13",1,80,37.8029,-83.5762
"Appalachian Spring","Funk Rock City > Red River Gorge > Kentucky",https://www.mountainproject.com/route/106599327/appalachian-spring,3.8,-1,Sport,5.13a,1,80,37.8029,-83.5762
"What's Right with the Underling","Eastern Sky Bridge Ridge > Red River Gorge > Kentucky",https://www.mountainproject.com/route/108383761/whats-right-with-the-underling,3.0,-1,Sport,5.12a,1,90,37.81596,-83.58104
"Grunge Face","Eastern Sky Bridge Ridge > Red River Gorge > Kentucky",https://www.mountainproject.com/route/108144688/grunge-face,0.5,-1,Sport,5.12a,1,70,37.81596,-83.58104
"The Learning Curve","Eastern Sky Bridge Ridge > Red River Gorge > Kentucky",https://www.mountainproject.com/route/107621628/the-learning-curve,3.3,-1,Trad,5.12a,1,35,37.81596,-83.58104
"Soul Ram","Eastern Sky Bridge Ridge > Red River Gorge > Kentucky",https://www.mountainproject.com/route/107389163/soul-ram,3.7,-1,Sport,5.12b,1,100,37.81596,-83.58104
"The Rifleman","Eastern Sky Bridge Ridge > Red River Gorge > Kentucky",https://www.mountainproject.com/route/111400357/the-rifleman,3.0,-1,Sport,5.12b/c,1,70,37.81596,-83.58104
"Silently Does the Sun Shine","Eastern Sky Bridge Ridge > Red River Gorge > Kentucky",https://www.mountainproject.com/route/107667743/silently-does-the-sun-shine,4.0,-1,Trad,"5.14a PG13",1,110,37.81596,-83.58104
"Campfire Crank","Wall of Denial > Red River Gorge > Kentucky",https://www.mountainproject.com/route/106282950/campfire-crank,3.0,-1,Sport,5.12a,1,45,37.82476,-83.54807
"Wild Yet Tasty","Left Flank > Red River Gorge > Kentucky",https://www.mountainproject.com/route/105943552/wild-yet-tasty,3.1,-1,Sport,5.12a,1,55,37.81449,-83.66388
"Too Many Puppies","Left Flank > Red River Gorge > Kentucky",https://www.mountainproject.com/route/105893624/too-many-puppies,3.6,-1,Sport,5.12a,1,60,37.81449,-83.66388
Infectious,"Left Flank > Red River Gorge > Kentucky",https://www.mountainproject.com/route/106169612/infectious,3.4,-1,Sport,5.12b,1,45,37.81449,-83.66388
"Sex Farm","Left Flank > Red River Gorge > Kentucky",https://www.mountainproject.com/route/106146866/sex-farm,3.7,-1,Sport,5.12b,1,50,37.81449,-83.66388
"Mercy the Huff","Left Flank > Red River Gorge > Kentucky",https://www.mountainproject.com/route/106045269/mercy-the-huff,3.9,-1,Sport,5.12b,1,80,37.81449,-83.66388
"Stunning the Hog","Left Flank > Red River Gorge > Kentucky",https://www.mountainproject.com/route/106146849/stunning-the-hog,3.8,-1,Sport,5.12d,1,45,37.81449,-83.66388
"The Dinosaur","Left Flank > Red River Gorge > Kentucky",https://www.mountainproject.com/route/106325136/the-dinosaur,3.7,-1,Sport,5.12d,1,70,37.81449,-83.66388
"Table of Colors","Left Flank > Red River Gorge > Kentucky",https://www.mountainproject.com/route/106304964/table-of-colors,3.9,-1,Sport,5.13a,1,80,37.81449,-83.66388
"Table of Colors Direct","Left Flank > Red River Gorge > Kentucky",https://www.mountainproject.com/route/107081591/table-of-colors-direct,4.0,-1,Sport,5.13b,1,60,37.81449,-83.66388
Nicorette,"Military Wall > Red River Gorge > Kentucky",https://www.mountainproject.com/route/106594004/nicorette,3.4,-1,Sport,5.12a,1,60,37.8159,-83.66918
"Nothing for Now","Military Wall > Red River Gorge > Kentucky",https://www.mountainproject.com/route/107195890/nothing-for-now,1.7,-1,Sport,5.12a,1,70,37.8159,-83.66918
"Gung Ho","Military Wall > Red River Gorge > Kentucky",https://www.mountainproject.com/route/105891685/gung-ho,3.7,-1,Sport,5.12b,1,60,37.8159,-83.66918
"The Reliquary","Military Wall > Red River Gorge > Kentucky",https://www.mountainproject.com/route/106045291/the-reliquary,3.6,-1,Sport,5.12b,1,60,37.8159,-83.66918
"Forearm Follies (2nd anchor)","Military Wall > Red River Gorge > Kentucky",https://www.mountainproject.com/route/110229109/forearm-follies-2nd-anchor,3.9,-1,Sport,5.12b,1,100,37.8159,-83.66918
"Tissue Tiger","Military Wall > Red River Gorge > Kentucky",https://www.mountainproject.com/route/105870261/tissue-tiger,3.6,-1,Sport,5.12b,1,70,37.8159,-83.66918
"Super Slab","Military Wall > Red River Gorge > Kentucky",https://www.mountainproject.com/route/106593331/super-slab,3.6,-1,Sport,5.12c,1,90,37.8159,-83.66918
"Thirsting Skull (closed)","Military Wall > Red River Gorge > Kentucky",https://www.mountainproject.com/route/105891694/thirsting-skull-closed,4.0,-1,Sport,5.12c,1,60,37.8159,-83.66918
Mule,"Military Wall > Red River Gorge > Kentucky",https://www.mountainproject.com/route/106594009/mule,3.7,-1,Sport,5.12c,1,90,37.8159,-83.66918
"The Legend","Military Wall > Red River Gorge > Kentucky",https://www.mountainproject.com/route/106053943/the-legend,3.6,-1,Sport,5.13b,1,90,37.8159,-83.66918
Nagypapa,"Military Wall > Red River Gorge > Kentucky",https://www.mountainproject.com/route/106053937/nagypapa,3.7,-1,Sport,5.13d,1,60,37.8159,-83.66918
Twinkie,"Phantasia > Red River Gorge > Kentucky",https://www.mountainproject.com/route/106132213/twinkie,3.9,-1,Sport,5.12a,1,80,37.84495,-83.64369
"Luck's Up","Phantasia > Red River Gorge > Kentucky",https://www.mountainproject.com/route/108255400/lucks-up,3.0,-1,Sport,5.12b,1,65,37.84495,-83.64369
Phantasia,"Phantasia > Red River Gorge > Kentucky",https://www.mountainproject.com/route/106333594/phantasia,3.7,-1,Sport,5.12d,1,90,37.84495,-83.64369
"Magnum Opus","The Solarium > Muir Valley > Red River Gorge > Kentucky",https://www.mountainproject.com/route/107250844/magnum-opus,3.1,-1,Sport,5.12a,1,90,37.73372,-83.63884
Delicatessen,"The Solarium > Muir Valley > Red River Gorge > Kentucky",https://www.mountainproject.com/route/108867060/delicatessen,3.5,-1,Sport,5.12a/b,1,85,37.73372,-83.63884
Abiyoyo,"The Solarium > Muir Valley > Red River Gorge > Kentucky",https://www.mountainproject.com/route/106978712/abiyoyo,3.8,-1,Sport,5.12b,1,95,37.73372,-83.63884
Galunlati,"The Solarium > Muir Valley > Red River Gorge > Kentucky",https://www.mountainproject.com/route/106333606/galunlati,3.5,-1,Sport,5.12b,1,95,37.73372,-83.63884
"Summer Sunshine","The Solarium > Muir Valley > Red River Gorge > Kentucky",https://www.mountainproject.com/route/107387111/summer-sunshine,3.1,-1,Sport,5.12b,1,95,37.73372,-83.63884
"Super Best Friends","The Solarium > Muir Valley > Red River Gorge > Kentucky",https://www.mountainproject.com/route/106852348/super-best-friends,3.7,-1,Sport,5.12b,1,95,37.73372,-83.63884
Mirage,"The Solarium > Muir Valley > Red River Gorge > Kentucky",https://www.mountainproject.com/route/107331394/mirage,3.7,-1,Sport,5.12c,1,95,37.73372,-83.63884
"So Long Mr. Petey","The Solarium > Muir Valley > Red River Gorge > Kentucky",https://www.mountainproject.com/route/108434413/so-long-mr-petey,2.9,-1,Sport,5.12c,1,70,37.73372,-83.63884
"Urban Voodoo","The Solarium > Muir Valley > Red River Gorge > Kentucky",https://www.mountainproject.com/route/109553082/urban-voodoo,2.0,-1,Sport,5.13a,1,95,37.73372,-83.63884
"Bundle of Joy","The Solarium > Muir Valley > Red River Gorge > Kentucky",https://www.mountainproject.com/route/109553099/bundle-of-joy,4.0,-1,Sport,5.13a,1,90,37.73372,-83.63884
Helios,"The Solarium > Muir Valley > Red River Gorge > Kentucky",https://www.mountainproject.com/route/112574093/helios,3.0,-1,Sport,5.13+,1,85,37.73372,-83.63884
Cheetah,"The Stadium > Muir Valley > Red River Gorge > Kentucky",https://www.mountainproject.com/route/106575806/cheetah,2.8,-1,Sport,5.12a/b,1,40,37.73169,-83.63221
"Flying J","The Stadium > Muir Valley > Red River Gorge > Kentucky",https://www.mountainproject.com/route/114369661/flying-j,2.0,-1,Trad,5.12b,1,80,37.73169,-83.63221
Continental,"Sunnyside > Muir Valley > Red River Gorge > Kentucky",https://www.mountainproject.com/route/107374670/continental,2.7,-1,Sport,5.12a,1,50,37.72324,-83.62607
"Suppress the Rage","Sunnyside > Muir Valley > Red River Gorge > Kentucky",https://www.mountainproject.com/route/106574070/suppress-the-rage,3.4,-1,Sport,5.12a,1,50,37.72324,-83.62607
"Cottonmouth (a.k.a. Boom-Slang)","Tectonic Wall > Muir Valley > Red River Gorge > Kentucky",https://www.mountainproject.com/route/111223306/cottonmouth-aka-boom-slang,2.2,-1,Sport,5.12b,1,,37.7301,-83.6318
"Ball and Chain","Tectonic Wall > Muir Valley > Red River Gorge > Kentucky",https://www.mountainproject.com/route/113600344/ball-and-chain,3.0,-1,Sport,5.12b,1,45,37.7301,-83.6318
"Posse Whipped","Indy Wall > Muir Valley > Red River Gorge > Kentucky",https://www.mountainproject.com/route/107238445/posse-whipped,2.3,-1,Sport,5.12a,1,60,37.7282,-83.6353
Stretcherous,"Indy Wall > Muir Valley > Red River Gorge > Kentucky",https://www.mountainproject.com/route/106123658/stretcherous,2.3,-1,Sport,5.12b,1,40,37.7282,-83.6353
"Drop the Hammer","Indy Wall > Muir Valley > Red River Gorge > Kentucky",https://www.mountainproject.com/route/113861171/drop-the-hammer,2.0,-1,Sport,5.12c,1,80,37.7282,-83.6353
"Budda Slept","The Sanctuary > Muir Valley > Red River Gorge > Kentucky",https://www.mountainproject.com/route/107239466/budda-slept,2.5,-1,Trad,5.12a,1,100,37.73135,-83.63397
"Immaculate Deception","The Sanctuary > Muir Valley > Red River Gorge > Kentucky",https://www.mountainproject.com/route/106255347/immaculate-deception,2.9,-1,Sport,5.12a,1,95,37.73135,-83.63397
"Blue Collar","The Sanctuary > Muir Valley > Red River Gorge > Kentucky",https://www.mountainproject.com/route/107360960/blue-collar,2.8,-1,Sport,5.12b,1,60,37.73135,-83.63397
"Hoosier Boys","The Sanctuary > Muir Valley > Red River Gorge > Kentucky",https://www.mountainproject.com/route/106235349/hoosier-boys,2.0,-1,Sport,5.12b,1,80,37.73135,-83.63397
Cruxifixion,"The Sanctuary > Muir Valley > Red River Gorge > Kentucky",https://www.mountainproject.com/route/106603960/cruxifixion,2.0,-1,Sport,5.12,1,90,37.73135,-83.63397
"Triple Sec aka Fifty Bucks","The Sanctuary > Muir Valley > Red River Gorge > Kentucky",https://www.mountainproject.com/route/106193281/triple-sec-aka-fifty-bucks,3.9,-1,Sport,5.12d,1,95,37.73135,-83.63397
"Jesus Wept","The Sanctuary > Muir Valley > Red River Gorge > Kentucky",https://www.mountainproject.com/route/106333601/jesus-wept,3.9,-1,Sport,5.12d,1,95,37.73135,-83.63397
"Peace Frog","The Sanctuary > Muir Valley > Red River Gorge > Kentucky",https://www.mountainproject.com/route/106602941/peace-frog,3.2,-1,Sport,5.12d,1,60,37.73135,-83.63397
"Atlas Shrugged","The Sanctuary > Muir Valley > Red River Gorge > Kentucky",https://www.mountainproject.com/route/110726339/atlas-shrugged,4.0,-1,Sport,5.12d,1,80,37.73135,-83.63397
"Name Dropper","The Sanctuary > Muir Valley > Red River Gorge > Kentucky",https://www.mountainproject.com/route/108092260/name-dropper,3.6,-1,Sport,5.13a,1,70,37.73135,-83.63397
"Prometheus Unbound","The Sanctuary > Muir Valley > Red River Gorge > Kentucky",https://www.mountainproject.com/route/106575798/prometheus-unbound,3.9,-1,Sport,5.13a,1,100,37.73135,-83.63397
"Cosmic Trigger","Inner Sanctum > Muir Valley > Red River Gorge > Kentucky",https://www.mountainproject.com/route/106603157/cosmic-trigger,3.4,-1,Sport,5.12b,1,80,37.73203,-83.63337
Expresso,"The Bowling Alley > Muir Valley > Red River Gorge > Kentucky",https://www.mountainproject.com/route/107203392/expresso,2.3,-1,Sport,5.12a,1,40,37.7212,-83.62513
"Ohio Arts","The Great Wall > Muir Valley > Red River Gorge > Kentucky",https://www.mountainproject.com/route/107204390/ohio-arts,1.8,-1,Sport,5.12a,1,25,37.73288,-83.63751
Babyface,"Midnight Surf > Muir Valley > Red River Gorge > Kentucky",https://www.mountainproject.com/route/108192516/babyface,3.6,-1,Sport,5.12b,1,100,37.732,-83.64195
Iniquity,"Midnight Surf > Muir Valley > Red River Gorge > Kentucky",https://www.mountainproject.com/route/106586316/iniquity,3.7,-1,Sport,5.12b,1,90,37.732,-83.64195
"The Crucible","Midnight Surf > Muir Valley > Red River Gorge > Kentucky",https://www.mountainproject.com/route/107379996/the-crucible,3.6,-1,Sport,5.12c,1,80,37.732,-83.64195
Vortex,"Midnight Surf > Muir Valley > Red River Gorge > Kentucky",https://www.mountainproject.com/route/111716896/vortex,3.3,-1,Sport,5.12c,1,80,37.732,-83.64195
"Cell Block Six","Midnight Surf > Muir Valley > Red River Gorge > Kentucky",https://www.mountainproject.com/route/106586323/cell-block-six,3.9,-1,Sport,5.12c,1,80,37.732,-83.64195
Tapeworm,"Midnight Surf > Muir Valley > Red River Gorge > Kentucky",https://www.mountainproject.com/route/106603013/tapeworm,4.0,-1,Sport,5.12d,1,80,37.732,-83.64195
"A Farewell to Arms","Midnight Surf > Muir Valley > Red River Gorge > Kentucky",https://www.mountainproject.com/route/111219814/a-farewell-to-arms,3.8,-1,Sport,5.13a,1,80,37.732,-83.64195
Shiva,"Midnight Surf > Muir Valley > Red River Gorge > Kentucky",https://www.mountainproject.com/route/111204592/shiva,4.0,-1,Sport,5.13b,1,80,37.732,-83.64195
"Trouble in Paradise","The Boneyard > Muir Valley > Red River Gorge > Kentucky",https://www.mountainproject.com/route/111170609/trouble-in-paradise,3.6,-1,Sport,5.12a,1,95,37.73135,-83.63968
Glide,"The Boneyard > Muir Valley > Red River Gorge > Kentucky",https://www.mountainproject.com/route/107123653/glide,2.0,-1,Sport,5.12a,1,45,37.73135,-83.63968
"Flying Serpents","The Boneyard > Muir Valley > Red River Gorge > Kentucky",https://www.mountainproject.com/route/107203325/flying-serpents,2.7,-1,Sport,5.12a,1,65,37.73135,-83.63968
"The Warrior's Path","The Boneyard > Muir Valley > Red River Gorge > Kentucky",https://www.mountainproject.com/route/112780131/the-warriors-path,4.0,-1,Sport,5.12c,1,70,37.73135,-83.63968
Zendebad,"Persepolis > Muir Valley > Red River Gorge > Kentucky",https://www.mountainproject.com/route/106603146/zendebad,3.0,-1,Sport,5.13a,1,60,37.72952,-83.64002
"The Handout","Practice Wall > Muir Valley > Red River Gorge > Kentucky",https://www.mountainproject.com/route/107297174/the-handout,3.1,-1,Sport,5.12a,1,30,37.7275,-83.6278
"Beef Stick","Great Arch, The > Muir Valley > Red River Gorge > Kentucky",https://www.mountainproject.com/route/107204361/beef-stick,2.5,-1,Sport,5.12a,1,65,37.73468,-83.63843
"Double Stuff","Great Arch, The > Muir Valley > Red River Gorge > Kentucky",https://www.mountainproject.com/route/107204346/double-stuff,1.0,-1,Sport,5.12a,2,90,37.73468,-83.63843
"The Hunt For Red's October","Great Arch, The > Muir Valley > Red River Gorge > Kentucky",https://www.mountainproject.com/route/110879684/the-hunt-for-reds-october,3.5,-1,Sport,5.12d,1,90,37.73468,-83.63843
"Child of the Earth","Slab City > Muir Valley > Red River Gorge > Kentucky",https://www.mountainproject.com/route/113733412/child-of-the-earth,4.0,-1,Sport,5.12a,1,60,37.734,-83.64101
"Flash Point","Slab City > Muir Valley > Red River Gorge > Kentucky",https://www.mountainproject.com/route/116615287/flash-point,3.0,-1,Trad,5.12-,1,45,37.734,-83.64101
Freakn'Deacon,"The Arsenal > Muir Valley > Red River Gorge > Kentucky",https://www.mountainproject.com/route/111597112/freakndeacon,3.0,-1,Sport,5.12a,1,65,37.73348,-83.63984
"Thugged Out Since Cub Scouts","The Arsenal > Muir Valley > Red River Gorge > Kentucky",https://www.mountainproject.com/route/113882546/thugged-out-since-cub-scouts,2.0,-1,Sport,5.12b,1,60,37.73348,-83.63984
"Flesh Wound","The Arsenal > Muir Valley > Red River Gorge > Kentucky",https://www.mountainproject.com/route/107374324/flesh-wound,3.0,-1,Sport,5.12b,1,75,37.73348,-83.63984
Bullfighter,"The Arsenal > Muir Valley > Red River Gorge > Kentucky",https://www.mountainproject.com/route/107060475/bullfighter,3.4,-1,Sport,5.12b,1,65,37.73348,-83.63984
Reload,"The Arsenal > Muir Valley > Red River Gorge > Kentucky",https://www.mountainproject.com/route/107156644/reload,3.5,-1,Sport,5.12c,1,70,37.73348,-83.63984
"Stems and Seeds","Sunbeam Buttress > Muir Valley > Red River Gorge > Kentucky",https://www.mountainproject.com/route/108885373/stems-and-seeds,2.2,-1,TR,5.12a,1,25,37.7351,-83.6371
"Directed Panspermia","Sunbeam Buttress > Muir Valley > Red River Gorge > Kentucky",https://www.mountainproject.com/route/114369562/directed-panspermia,1.0,-1,TR,5.12,1,30,37.7351,-83.6371
"The Stranger","Bibliothek > Muir Valley > Red River Gorge > Kentucky",https://www.mountainproject.com/route/107073601/the-stranger,3.0,-1,Sport,5.12a,1,55,37.73034,-83.64058
Lolita,"Bibliothek > Muir Valley > Red River Gorge > Kentucky",https://www.mountainproject.com/route/112148053/lolita,2.5,-1,Sport,5.12a,1,40,37.73034,-83.64058
"Golden Road","Coyote Cliff > Muir Valley > Red River Gorge > Kentucky",https://www.mountainproject.com/route/107203531/golden-road,3.2,-1,Sport,5.12a,1,70,37.7356,-83.64148
Bouldergeist,"South Side > Muir Valley > Red River Gorge > Kentucky",https://www.mountainproject.com/route/111756100/bouldergeist,3.0,-1,Sport,5.12a,1,25,37.72028,-83.62436
Geronimo,"The Stronghold > Muir Valley > Red River Gorge > Kentucky",https://www.mountainproject.com/route/112321865/geronimo,3.5,-1,Sport,5.13a,1,120,37.7316,-83.63096
"Rock the Casbah","The Stronghold > Muir Valley > Red River Gorge > Kentucky",https://www.mountainproject.com/route/112321880/rock-the-casbah,3.5,-1,Sport,5.13a,1,110,37.7316,-83.63096
"The Stallion","Ivory Tower > Muir Valley > Red River Gorge > Kentucky",https://www.mountainproject.com/route/111809791/the-stallion,3.0,-1,Sport,5.12b,1,80,37.73081,-83.63124
"Bare Metal Teen","Torrent Falls > Red River Gorge > Kentucky",https://www.mountainproject.com/route/106290300/bare-metal-teen,3.8,-1,Sport,5.12a,1,80,37.72,-83.66294
"Us and Them","Torrent Falls > Red River Gorge > Kentucky",https://www.mountainproject.com/route/107368109/us-and-them,3.0,-1,Sport,5.12a,1,68,37.72,-83.66294
"Big Money Grip","Torrent Falls > Red River Gorge > Kentucky",https://www.mountainproject.com/route/106020245/big-money-grip,3.6,-1,Sport,5.12b,1,95,37.72,-83.66294
Steelworker,"Torrent Falls > Red River Gorge > Kentucky",https://www.mountainproject.com/route/106333624/steelworker,4.0,-1,Sport,5.12c,1,80,37.72,-83.66294
"Racer X","Torrent Falls > Red River Gorge > Kentucky",https://www.mountainproject.com/route/106333629/racer-x,4.0,-1,Sport,5.12d,1,80,37.72,-83.66294
"Scar Tissue","The Old Zoo > The Zoo > Red River Gorge > Kentucky",https://www.mountainproject.com/route/106309924/scar-tissue,3.4,-1,Sport,5.12a,1,45,37.73387,-83.66162
Hippocrite,"The Old Zoo > The Zoo > Red River Gorge > Kentucky",https://www.mountainproject.com/route/106126244/hippocrite,3.6,-1,Sport,5.12a,1,45,37.73387,-83.66162
Aviary,"The Old Zoo > The Zoo > Red River Gorge > Kentucky",https://www.mountainproject.com/route/111046858/aviary,-1.0,-1,Sport,5.12b,1,80,37.73387,-83.66162
"Zoo Keeper","The Old Zoo > The Zoo > Red River Gorge > Kentucky",https://www.mountainproject.com/route/112887066/zoo-keeper,3.0,-1,Sport,5.14a/b,1,45,37.73387,-83.66162
"Sendex 147","The New Zoo > The Zoo > Red River Gorge > Kentucky",https://www.mountainproject.com/route/111050547/sendex-147,2.0,-1,Sport,5.12a,1,70,37.73475,-83.66162
Sidewinder,"The New Zoo > The Zoo > Red River Gorge > Kentucky",https://www.mountainproject.com/route/111053967/sidewinder,3.0,-1,Sport,5.12b,1,60,37.73475,-83.66162
"Sparkling Jackass","The New Zoo > The Zoo > Red River Gorge > Kentucky",https://www.mountainproject.com/route/111050432/sparkling-jackass,2.9,-1,Sport,5.12b,1,80,37.73475,-83.66162
"Irony of a Twisted Fate","The New Zoo > The Zoo > Red River Gorge > Kentucky",https://www.mountainproject.com/route/111054011/irony-of-a-twisted-fate,-1.0,-1,Sport,5.12c,1,60,37.73475,-83.66162
"Honey Badger","The New Zoo > The Zoo > Red River Gorge > Kentucky",https://www.mountainproject.com/route/111054024/honey-badger,3.0,-1,Sport,5.12c,1,70,37.73475,-83.66162
"Speedy Gonzalez","The New Zoo > The Zoo > Red River Gorge > Kentucky",https://www.mountainproject.com/route/111053991/speedy-gonzalez,-1.0,-1,Sport,5.13b,1,60,37.73475,-83.66162
"Sons of Perdition","Bird Cage Sector > The Zoo > Red River Gorge > Kentucky",https://www.mountainproject.com/route/111053950/sons-of-perdition,3.3,-1,Sport,5.12a,1,80,37.73488,-83.66201
"Eager Beaver","Bird Cage Sector > The Zoo > Red River Gorge > Kentucky",https://www.mountainproject.com/route/111619983/eager-beaver,3.8,-1,Sport,5.12c,1,90,37.73488,-83.66201
"Country Lovin","Indian Creek > Red River Gorge > Kentucky",https://www.mountainproject.com/route/106404805/country-lovin,4.0,-1,Trad,5.12b,1,90,37.8939,-83.63681
"Better Red than Dead","Indian Creek > Red River Gorge > Kentucky",https://www.mountainproject.com/route/112250514/better-red-than-dead,4.0,-1,Trad,5.12c,1,60,37.8939,-83.63681
Supafly,"Solar Collector/Gold Coast > Pendergrass-Murray Recreational Preserve (PMRP) > Red River Gorge > Kentucky",https://www.mountainproject.com/route/106324559/supafly,3.5,-1,Sport,5.12a,1,80,37.6775,-83.73409
"Zone of Silence","Solar Collector/Gold Coast > Pendergrass-Murray Recreational Preserve (PMRP) > Red River Gorge > Kentucky",https://www.mountainproject.com/route/106975163/zone-of-silence,2.0,-1,Sport,5.12a,1,60,37.6775,-83.73409
"Suns Out Guns Out","Solar Collector/Gold Coast > Pendergrass-Murray Recreational Preserve (PMRP) > Red River Gorge > Kentucky",https://www.mountainproject.com/route/111146769/suns-out-guns-out,2.7,-1,Sport,5.12b,1,50,37.6775,-83.73409
"Blue Eyed Honkey Jesus","Solar Collector/Gold Coast > Pendergrass-Murray Recreational Preserve (PMRP) > Red River Gorge > Kentucky",https://www.mountainproject.com/route/106954396/blue-eyed-honkey-jesus,3.7,-1,Sport,5.12b,1,70,37.6775,-83.73409
"Golden Shower","Solar Collector/Gold Coast > Pendergrass-Murray Recreational Preserve (PMRP) > Red River Gorge > Kentucky",https://www.mountainproject.com/route/112310716/golden-shower,4.0,-1,Sport,5.12b,1,80,37.6775,-83.73409
"Space Junk","Solar Collector/Gold Coast > Pendergrass-Murray Recreational Preserve (PMRP) > Red River Gorge > Kentucky",https://www.mountainproject.com/route/107371014/space-junk,3.0,-1,Sport,5.12b/c,1,70,37.6775,-83.73409
"Herd Mentality","Solar Collector/Gold Coast > Pendergrass-Murray Recreational Preserve (PMRP) > Red River Gorge > Kentucky",https://www.mountainproject.com/route/106324547/herd-mentality,3.2,-1,Sport,5.12c,1,80,37.6775,-83.73409
"Golden Boy","Solar Collector/Gold Coast > Pendergrass-Murray Recreational Preserve (PMRP) > Red River Gorge > Kentucky",https://www.mountainproject.com/route/107055840/golden-boy,3.9,-1,Sport,5.13b,1,60,37.6775,-83.73409
"Black Gold","Solar Collector/Gold Coast > Pendergrass-Murray Recreational Preserve (PMRP) > Red River Gorge > Kentucky",https://www.mountainproject.com/route/106975129/black-gold,4.0,-1,Sport,5.13c,1,50,37.6775,-83.73409
"True Love","Solar Collector/Gold Coast > Pendergrass-Murray Recreational Preserve (PMRP) > Red River Gorge > Kentucky",https://www.mountainproject.com/route/107055857/true-love,4.0,-1,Sport,5.13d,1,60,37.6775,-83.73409
"God's Own Stone","Solar Collector/Gold Coast > Pendergrass-Murray Recreational Preserve (PMRP) > Red River Gorge > Kentucky",https://www.mountainproject.com/route/107055890/gods-own-stone,4.0,-1,Sport,5.14a,1,60,37.6775,-83.73409
"Hellava Caucasian","Chica Bonita Wall > Pendergrass-Murray Recreational Preserve (PMRP) > Red River Gorge > Kentucky",https://www.mountainproject.com/route/109316505/hellava-caucasian,2.8,-1,Sport,5.12a,1,90,37.65078,-83.72161
"King Cobra","Chica Bonita Wall > Pendergrass-Murray Recreational Preserve (PMRP) > Red River Gorge > Kentucky",https://www.mountainproject.com/route/110429162/king-cobra,2.5,-1,Sport,5.12a,1,75,37.65078,-83.72161
"Colt 45","Chica Bonita Wall > Pendergrass-Murray Recreational Preserve (PMRP) > Red River Gorge > Kentucky",https://www.mountainproject.com/route/110428482/colt-45,3.0,-1,Sport,5.12b,1,75,37.65078,-83.72161
"Cold Hard Bitch","Chica Bonita Wall > Pendergrass-Murray Recreational Preserve (PMRP) > Red River Gorge > Kentucky",https://www.mountainproject.com/route/112444779/cold-hard-bitch,2.7,-1,Sport,5.12b,1,40,37.65078,-83.72161
"Naked Lunch","Drive-By Crag > Pendergrass-Murray Recreational Preserve (PMRP) > Red River Gorge > Kentucky",https://www.mountainproject.com/route/107906862/naked-lunch,3.1,-1,Sport,5.12a,1,80,37.65292,-83.72495
"Extra Backup","Drive-By Crag > Pendergrass-Murray Recreational Preserve (PMRP) > Red River Gorge > Kentucky",https://www.mountainproject.com/route/109446737/extra-backup,2.0,-1,Sport,5.12a,1,70,37.65292,-83.72495
"Hakuna Matata","Drive-By Crag > Pendergrass-Murray Recreational Preserve (PMRP) > Red River Gorge > Kentucky",https://www.mountainproject.com/route/107329629/hakuna-matata,3.7,-1,Sport,5.12a,1,80,37.65292,-83.72495
"Check Your Grip","Drive-By Crag > Pendergrass-Murray Recreational Preserve (PMRP) > Red River Gorge > Kentucky",https://www.mountainproject.com/route/106081909/check-your-grip,3.8,-1,Sport,5.12a,1,80,37.65292,-83.72495
"Primus Noctum","Drive-By Crag > Pendergrass-Murray Recreational Preserve (PMRP) > Red River Gorge > Kentucky",https://www.mountainproject.com/route/106091144/primus-noctum,3.2,-1,Sport,5.12a,1,75,37.65292,-83.72495
"Whipper Snapper","Drive-By Crag > Pendergrass-Murray Recreational Preserve (PMRP) > Red River Gorge > Kentucky",https://www.mountainproject.com/route/106081913/whipper-snapper,2.7,-1,Sport,5.12b,1,80,37.65292,-83.72495
Arachnophobia,"Drive-By Crag > Pendergrass-Murray Recreational Preserve (PMRP) > Red River Gorge > Kentucky",https://www.mountainproject.com/route/106967509/arachnophobia,3.0,-1,Sport,5.12d,1,80,37.65292,-83.72495
"Pimp Juice","Drive-By Crag > Pendergrass-Murray Recreational Preserve (PMRP) > Red River Gorge > Kentucky",https://www.mountainproject.com/route/113806869/pimp-juice,2.0,-1,Sport,5.13a,1,95,37.65292,-83.72495
"Beer Belly","Drive-By Crag > Pendergrass-Murray Recreational Preserve (PMRP) > Red River Gorge > Kentucky",https://www.mountainproject.com/route/106575738/beer-belly,3.1,-1,Sport,5.13a,1,80,37.65292,-83.72495
"Easy Rider","Drive-By Crag > Pendergrass-Murray Recreational Preserve (PMRP) > Red River Gorge > Kentucky",https://www.mountainproject.com/route/107915900/easy-rider,3.7,-1,Sport,5.13a,1,100,37.65292,-83.72495
Spank,"Drive-By Crag > Pendergrass-Murray Recreational Preserve (PMRP) > Red River Gorge > Kentucky",https://www.mountainproject.com/route/106615729/spank,3.3,-1,Sport,5.13a,1,,37.65292,-83.72495
"Maizy Mae","Drive-By Crag > Pendergrass-Murray Recreational Preserve (PMRP) > Red River Gorge > Kentucky",https://www.mountainproject.com/route/106298809/maizy-mae,2.9,-1,"Sport, Boulder","5.13a V6",1,25,37.65292,-83.72495
"Dirty Smelly Hippie","Drive-By Crag > Pendergrass-Murray Recreational Preserve (PMRP) > Red River Gorge > Kentucky",https://www.mountainproject.com/route/106510749/dirty-smelly-hippie,3.2,-1,Sport,5.13b,1,90,37.65292,-83.72495
Kaleidescope,"Drive-By Crag > Pendergrass-Murray Recreational Preserve (PMRP) > Red River Gorge > Kentucky",https://www.mountainproject.com/route/106975111/kaleidescope,4.0,-1,Sport,5.13c,1,80,37.65292,-83.72495
"Angry Birds","Drive-By Crag > Pendergrass-Murray Recreational Preserve (PMRP) > Red River Gorge > Kentucky",https://www.mountainproject.com/route/108343714/angry-birds,4.0,-1,Sport,5.13c,1,100,37.65292,-83.72495
"Thug Life","Drive-By Crag > Pendergrass-Murray Recreational Preserve (PMRP) > Red River Gorge > Kentucky",https://www.mountainproject.com/route/109788732/thug-life,3.8,-1,Sport,5.13d,1,90,37.65292,-83.72495
"Eyeball Chaw","Bob Marley > Pendergrass-Murray Recreational Preserve (PMRP) > Red River Gorge > Kentucky",https://www.mountainproject.com/route/108405570/eyeball-chaw,3.0,-1,Sport,5.12a,1,60,37.65194,-83.72328
"Enjoy the Process","Bob Marley > Pendergrass-Murray Recreational Preserve (PMRP) > Red River Gorge > Kentucky",https://www.mountainproject.com/route/116561746/enjoy-the-process,2.5,-1,Sport,5.12a,1,50,37.65194,-83.72328
Tacit,"Bob Marley > Pendergrass-Murray Recreational Preserve (PMRP) > Red River Gorge > Kentucky",https://www.mountainproject.com/route/106290528/tacit,3.1,-1,Sport,5.12a,1,50,37.65194,-83.72328
"Beta-vul Pipeline","Bob Marley > Pendergrass-Murray Recreational Preserve (PMRP) > Red River Gorge > Kentucky",https://www.mountainproject.com/route/106118250/beta-vul-pipeline,3.0,-1,Sport,5.12a,1,55,37.65194,-83.72328
"Route 22","Bob Marley > Pendergrass-Murray Recreational Preserve (PMRP) > Red River Gorge > Kentucky",https://www.mountainproject.com/route/114783084/route-22,3.0,-1,Sport,5.12a,1,80,37.65194,-83.72328
Dogleg,"Bob Marley > Pendergrass-Murray Recreational Preserve (PMRP) > Red River Gorge > Kentucky",https://www.mountainproject.com/route/106290553/dogleg,3.8,-1,Sport,5.12a,1,90,37.65194,-83.72328
Archangel,"Bob Marley > Pendergrass-Murray Recreational Preserve (PMRP) > Red River Gorge > Kentucky",https://www.mountainproject.com/route/111060429/archangel,2.0,-1,Sport,5.12b,1,65,37.65194,-83.72328
"Demon Seed","Bob Marley > Pendergrass-Murray Recreational Preserve (PMRP) > Red River Gorge > Kentucky",https://www.mountainproject.com/route/109253387/demon-seed,4.0,-1,Sport,5.12c,1,100,37.65194,-83.72328
Reticent,"Bob Marley > Pendergrass-Murray Recreational Preserve (PMRP) > Red River Gorge > Kentucky",https://www.mountainproject.com/route/109553036/reticent,2.5,-1,Sport,5.12c,1,50,37.65194,-83.72328
Bloodbath,"Bob Marley > Pendergrass-Murray Recreational Preserve (PMRP) > Red River Gorge > Kentucky",https://www.mountainproject.com/route/106615717/bloodbath,3.0,-1,Sport,5.12c,1,50,37.65194,-83.72328
"Moment of Truth","Bob Marley > Pendergrass-Murray Recreational Preserve (PMRP) > Red River Gorge > Kentucky",https://www.mountainproject.com/route/107988925/moment-of-truth,4.0,-1,Trad,5.12c,1,100,37.65194,-83.72328
"Where's the Beef?","Bob Marley > Pendergrass-Murray Recreational Preserve (PMRP) > Red River Gorge > Kentucky",https://www.mountainproject.com/route/108727772/wheres-the-beef,3.1,-1,Sport,5.12c,1,50,37.65194,-83.72328
"Skinny Love","Bob Marley > Pendergrass-Murray Recreational Preserve (PMRP) > Red River Gorge > Kentucky",https://www.mountainproject.com/route/109636763/skinny-love,2.8,-1,Sport,5.12d,1,90,37.65194,-83.72328
"No Redemption","Bob Marley > Pendergrass-Murray Recreational Preserve (PMRP) > Red River Gorge > Kentucky",https://www.mountainproject.com/route/108750922/no-redemption,4.0,-1,Sport,5.13b,1,80,37.65194,-83.72328
Ultra-perm,"Bob Marley > Pendergrass-Murray Recreational Preserve (PMRP) > Red River Gorge > Kentucky",https://www.mountainproject.com/route/109864674/ultra-perm,4.0,-1,Sport,5.13d,1,90,37.65194,-83.72328
"Starry Night","The Gallery > Pendergrass-Murray Recreational Preserve (PMRP) > Red River Gorge > Kentucky",https://www.mountainproject.com/route/112289818/starry-night,3.5,-1,Sport,5.12a,1,60,37.65292,-83.71772
"Break the Scene","The Gallery > Pendergrass-Murray Recreational Preserve (PMRP) > Red River Gorge > Kentucky",https://www.mountainproject.com/route/106924124/break-the-scene,3.7,-1,Sport,5.12a,1,50,37.65292,-83.71772
"Knot Sure","The Gallery > Pendergrass-Murray Recreational Preserve (PMRP) > Red River Gorge > Kentucky",https://www.mountainproject.com/route/115401303/knot-sure,1.5,-1,Sport,5.12a/b,1,65,37.65292,-83.71772
Guernica,"The Gallery > Pendergrass-Murray Recreational Preserve (PMRP) > Red River Gorge > Kentucky",https://www.mountainproject.com/route/108469779/guernica,3.3,-1,Sport,5.12b,1,80,37.65292,-83.71772
"All That Glitters","The Gallery > Pendergrass-Murray Recreational Preserve (PMRP) > Red River Gorge > Kentucky",https://www.mountainproject.com/route/109612969/all-that-glitters,3.8,-1,Trad,5.12,1,70,37.65292,-83.71772
"Blank Canvas","The Gallery > Pendergrass-Murray Recreational Preserve (PMRP) > Red River Gorge > Kentucky",https://www.mountainproject.com/route/113792845/blank-canvas,4.0,-1,Sport,5.12c,1,60,37.65292,-83.71772
Mosaic,"The Gallery > Pendergrass-Murray Recreational Preserve (PMRP) > Red River Gorge > Kentucky",https://www.mountainproject.com/route/106895798/mosaic,3.7,-1,Sport,5.12c,1,60,37.65292,-83.71772
"Zen and the Art of Masturbation","The Gallery > Pendergrass-Murray Recreational Preserve (PMRP) > Red River Gorge > Kentucky",https://www.mountainproject.com/route/108466010/zen-and-the-art-of-masturbation,3.9,-1,Sport,5.12d,1,80,37.65292,-83.71772
"Calm Like a Bomb","The Gallery > Pendergrass-Murray Recreational Preserve (PMRP) > Red River Gorge > Kentucky",https://www.mountainproject.com/route/114017059/calm-like-a-bomb,3.3,-1,Sport,5.13a,1,70,37.65292,-83.71772
"Yosemite Sam","North 40 > Pendergrass-Murray Recreational Preserve (PMRP) > Red River Gorge > Kentucky",https://www.mountainproject.com/route/111206271/yosemite-sam,2.5,-1,Sport,5.12a,1,65,37.6523,-83.7082
Samurai,"North 40 > Pendergrass-Murray Recreational Preserve (PMRP) > Red River Gorge > Kentucky",https://www.mountainproject.com/route/106782101/samurai,3.9,-1,Sport,5.12b,1,60,37.6523,-83.7082
"Barbed Wire","North 40 > Pendergrass-Murray Recreational Preserve (PMRP) > Red River Gorge > Kentucky",https://www.mountainproject.com/route/106782135/barbed-wire,3.0,-1,Sport,5.12b,1,60,37.6523,-83.7082
"Massive Attack","Curbside > Pendergrass-Murray Recreational Preserve (PMRP) > Red River Gorge > Kentucky",https://www.mountainproject.com/route/109053849/massive-attack,3.4,-1,Sport,5.12a,1,85,37.65051,-83.71917
Wildfire,"Curbside > Pendergrass-Murray Recreational Preserve (PMRP) > Red River Gorge > Kentucky",https://www.mountainproject.com/route/106782154/wildfire,3.3,-1,Sport,5.12a,1,50,37.65051,-83.71917
"Fillet the Hand","Curbside > Pendergrass-Murray Recreational Preserve (PMRP) > Red River Gorge > Kentucky",https://www.mountainproject.com/route/116191480/fillet-the-hand,2.0,-1,Sport,5.12a,1,70,37.65051,-83.71917
"The Return of Frank Byron","Curbside > Pendergrass-Murray Recreational Preserve (PMRP) > Red River Gorge > Kentucky",https://www.mountainproject.com/route/112064967/the-return-of-frank-byron,4.0,-1,Sport,5.12c,1,50,37.65051,-83.71917
Praestantissimum,"The Dark Side > Pendergrass-Murray Recreational Preserve (PMRP) > Red River Gorge > Kentucky",https://www.mountainproject.com/route/107900437/praestantissimum,3.5,-1,Sport,5.12a,1,90,37.67874,-83.73759
"Grippy Green","The Dark Side > Pendergrass-Murray Recreational Preserve (PMRP) > Red River Gorge > Kentucky",https://www.mountainproject.com/route/108383625/grippy-green,3.1,-1,Sport,5.12a,1,70,37.67874,-83.73759
"Mama Benson","The Dark Side > Pendergrass-Murray Recreational Preserve (PMRP) > Red River Gorge > Kentucky",https://www.mountainproject.com/route/106324389/mama-benson,2.4,-1,Sport,5.12a,1,50,37.67874,-83.73759
Dagobah,"The Dark Side > Pendergrass-Murray Recreational Preserve (PMRP) > Red River Gorge > Kentucky",https://www.mountainproject.com/route/111840469/dagobah,2.0,-1,Sport,5.12a,1,75,37.67874,-83.73759
"American Dream","The Dark Side > Pendergrass-Murray Recreational Preserve (PMRP) > Red River Gorge > Kentucky",https://www.mountainproject.com/route/106324532/american-dream,3.4,-1,Sport,5.12b,1,90,37.67874,-83.73759
"Wookie Love Nest","The Dark Side > Pendergrass-Murray Recreational Preserve (PMRP) > Red River Gorge > Kentucky",https://www.mountainproject.com/route/107941237/wookie-love-nest,3.5,-1,Sport,5.12c,1,90,37.67874,-83.73759
Shanghai,"The Dark Side > Pendergrass-Murray Recreational Preserve (PMRP) > Red River Gorge > Kentucky",https://www.mountainproject.com/route/106324515/shanghai,3.4,-1,Sport,5.12c/d,1,90,37.67874,-83.73759
"Phantom Menace","The Dark Side > Pendergrass-Murray Recreational Preserve (PMRP) > Red River Gorge > Kentucky",https://www.mountainproject.com/route/111309857/phantom-menace,4.0,-1,Sport,5.12d,1,60,37.67874,-83.73759
"Tusken Raider","The Dark Side > Pendergrass-Murray Recreational Preserve (PMRP) > Red River Gorge > Kentucky",https://www.mountainproject.com/route/107055911/tusken-raider,3.5,-1,Sport,5.12d,1,60,37.67874,-83.73759
"Mind Meld","The Dark Side > Pendergrass-Murray Recreational Preserve (PMRP) > Red River Gorge > Kentucky",https://www.mountainproject.com/route/107055917/mind-meld,3.6,-1,Sport,5.12d,1,60,37.67874,-83.73759
"The Force","The Dark Side > Pendergrass-Murray Recreational Preserve (PMRP) > Red River Gorge > Kentucky",https://www.mountainproject.com/route/106584648/the-force,4.0,-1,Sport,5.13a,1,75,37.67874,-83.73759
"Evil Emperor","The Dark Side > Pendergrass-Murray Recreational Preserve (PMRP) > Red River Gorge > Kentucky",https://www.mountainproject.com/route/107941228/evil-emperor,4.0,-1,Sport,5.13a,1,90,37.67874,-83.73759
"Straight Outta Locash","The Dark Side > Pendergrass-Murray Recreational Preserve (PMRP) > Red River Gorge > Kentucky",https://www.mountainproject.com/route/116578965/straight-outta-locash,3.0,-1,Sport,5.13a,1,75,37.67874,-83.73759
"Big Burly","The Dark Side > Pendergrass-Murray Recreational Preserve (PMRP) > Red River Gorge > Kentucky",https://www.mountainproject.com/route/107389029/big-burly,3.0,-1,Sport,5.13b,1,50,37.67874,-83.73759
"Return of Darth Moll","The Dark Side > Pendergrass-Murray Recreational Preserve (PMRP) > Red River Gorge > Kentucky",https://www.mountainproject.com/route/107285945/return-of-darth-moll,4.0,-1,Sport,5.13b,1,80,37.67874,-83.73759
"Elephant Man","The Dark Side > Pendergrass-Murray Recreational Preserve (PMRP) > Red River Gorge > Kentucky",https://www.mountainproject.com/route/107285975/elephant-man,4.0,-1,Sport,5.13b,1,75,37.67874,-83.73759
"Straight Outta Campton","The Dark Side > Pendergrass-Murray Recreational Preserve (PMRP) > Red River Gorge > Kentucky",https://www.mountainproject.com/route/107059702/straight-outta-campton,3.3,-1,Sport,5.13b,1,60,37.67874,-83.73759
"Swing Line","The Dark Side > Pendergrass-Murray Recreational Preserve (PMRP) > Red River Gorge > Kentucky",https://www.mountainproject.com/route/107083640/swing-line,4.0,-1,Sport,5.13d,1,60,37.67874,-83.73759
Gluttony,"Purgatory > Pendergrass-Murray Recreational Preserve (PMRP) > Red River Gorge > Kentucky",https://www.mountainproject.com/route/106575842/gluttony,3.0,-1,Sport,5.12a,1,70,37.65343,-83.70746
Hellraiser,"Purgatory > Pendergrass-Murray Recreational Preserve (PMRP) > Red River Gorge > Kentucky",https://www.mountainproject.com/route/106575837/hellraiser,3.5,-1,Sport,5.12c,1,60,37.65343,-83.70746
"Dracula '04","Purgatory > Pendergrass-Murray Recreational Preserve (PMRP) > Red River Gorge > Kentucky",https://www.mountainproject.com/route/106584658/dracula-04,4.0,-1,Sport,5.13b,1,60,37.65343,-83.70746
"Paradise Lost","Purgatory > Pendergrass-Murray Recreational Preserve (PMRP) > Red River Gorge > Kentucky",https://www.mountainproject.com/route/106575827/paradise-lost,3.8,-1,Sport,5.13b,1,60,37.65343,-83.70746
"Far From God","Shady Grove > Pendergrass-Murray Recreational Preserve (PMRP) > Red River Gorge > Kentucky",https://www.mountainproject.com/route/106912616/far-from-god,3.5,-1,Sport,5.12b,1,80,37.65431,-83.71364
"False Idol","Shady Grove > Pendergrass-Murray Recreational Preserve (PMRP) > Red River Gorge > Kentucky",https://www.mountainproject.com/route/107062135/false-idol,3.0,-1,Sport,5.12b,1,90,37.65431,-83.71364
"Irreverent C","Shady Grove > Pendergrass-Murray Recreational Preserve (PMRP) > Red River Gorge > Kentucky",https://www.mountainproject.com/route/108143848/irreverent-c,2.0,-1,Sport,5.12b,1,90,37.65431,-83.71364
"Taste the Rainbow","Shady Grove > Pendergrass-Murray Recreational Preserve (PMRP) > Red River Gorge > Kentucky",https://www.mountainproject.com/route/107534591/taste-the-rainbow,3.5,-1,Sport,5.13a,1,100,37.65431,-83.71364
"Little Teapot","Bronaugh Wall > Pendergrass-Murray Recreational Preserve (PMRP) > Red River Gorge > Kentucky",https://www.mountainproject.com/route/106982516/little-teapot,2.9,-1,Sport,5.12a,1,50,37.6538,-83.70943
Crumblies,"Bronaugh Wall > Pendergrass-Murray Recreational Preserve (PMRP) > Red River Gorge > Kentucky",https://www.mountainproject.com/route/114945404/crumblies,2.0,-1,Sport,5.12a,1,55,37.6538,-83.70943
"Belly of the Beast","Bronaugh Wall > Pendergrass-Murray Recreational Preserve (PMRP) > Red River Gorge > Kentucky",https://www.mountainproject.com/route/106782221/belly-of-the-beast,3.7,-1,Sport,5.12c,1,65,37.6538,-83.70943
"Swallow the Hollow","The Crossroads > Pendergrass-Murray Recreational Preserve (PMRP) > Red River Gorge > Kentucky",https://www.mountainproject.com/route/107974280/swallow-the-hollow,3.5,-1,Sport,5.12a,1,70,37.67609,-83.73312
"Jingus Khan","The Crossroads > Pendergrass-Murray Recreational Preserve (PMRP) > Red River Gorge > Kentucky",https://www.mountainproject.com/route/107941333/jingus-khan,3.4,-1,Sport,5.12a,1,75,37.67609,-83.73312
"Hood Luck","The Crossroads > Pendergrass-Murray Recreational Preserve (PMRP) > Red River Gorge > Kentucky",https://www.mountainproject.com/route/115426187/hood-luck,3.0,-1,Sport,5.12-,1,70,37.67609,-83.73312
"Earth-Bound Misfit","The Shire > Pendergrass-Murray Recreational Preserve (PMRP) > Red River Gorge > Kentucky",https://www.mountainproject.com/route/108857366/earth-bound-misfit,2.5,-1,Sport,5.12c,1,50,37.65214,-83.70995
"Dirty Sanchez","Far Side > Pendergrass-Murray Recreational Preserve (PMRP) > Red River Gorge > Kentucky",https://www.mountainproject.com/route/106971704/dirty-sanchez,3.0,-1,Sport,5.12c,1,50,37.67269,-83.73544
"King Solomon","What About Bob Wall > Pendergrass-Murray Recreational Preserve (PMRP) > Red River Gorge > Kentucky",https://www.mountainproject.com/route/116354232/king-solomon,4.0,-1,Sport,5.12b,1,50,37.65103,-83.71482
"Lobster Claw","Rival Wall > Pendergrass-Murray Recreational Preserve (PMRP) > Red River Gorge > Kentucky",https://www.mountainproject.com/route/108421137/lobster-claw,3.0,-1,Sport,5.12a,1,55,37.6518,-83.71274
"Wearing Out My Welcome","Courtesy Wall > Pendergrass-Murray Recreational Preserve (PMRP) > Red River Gorge > Kentucky",https://www.mountainproject.com/route/111251556/wearing-out-my-welcome,3.8,-1,Sport,5.12a,1,80,37.65193,-83.71141
"Golden Brown","Brightside > Pendergrass-Murray Recreational Preserve (PMRP) > Red River Gorge > Kentucky",https://www.mountainproject.com/route/107941265/golden-brown,2.8,-1,Sport,5.12a,1,85,37.67874,-83.7354
"Brownian Motion","Brightside > Pendergrass-Murray Recreational Preserve (PMRP) > Red River Gorge > Kentucky",https://www.mountainproject.com/route/109029415/brownian-motion,3.0,-1,Sport,5.12b,1,70,37.67874,-83.7354
"Bush League","Brightside > Pendergrass-Murray Recreational Preserve (PMRP) > Red River Gorge > Kentucky",https://www.mountainproject.com/route/107941273/bush-league,3.7,-1,Sport,5.12b/c,1,80,37.67874,-83.7354
"Fresh Baked","Brightside > Pendergrass-Murray Recreational Preserve (PMRP) > Red River Gorge > Kentucky",https://www.mountainproject.com/route/107941305/fresh-baked,3.0,-1,Sport,5.12b/c,1,90,37.67874,-83.7354
"Dog Bites & Fistfights","Brightside > Pendergrass-Murray Recreational Preserve (PMRP) > Red River Gorge > Kentucky",https://www.mountainproject.com/route/107941289/dog-bites-fistfights,3.0,-1,Sport,5.12+,1,100,37.67874,-83.7354
"Blowin' Loadz","Brightside > Pendergrass-Murray Recreational Preserve (PMRP) > Red River Gorge > Kentucky",https://www.mountainproject.com/route/107941279/blowin-loadz,3.2,-1,Sport,5.12c/d,1,75,37.67874,-83.7354
"Better Eat Yo' Wheatleys","Brightside > Pendergrass-Murray Recreational Preserve (PMRP) > Red River Gorge > Kentucky",https://www.mountainproject.com/route/107941299/better-eat-yo-wheatleys,3.0,-1,Sport,5.13a/b,1,80,37.67874,-83.7354
"Medicine Man","Brightside > Pendergrass-Murray Recreational Preserve (PMRP) > Red River Gorge > Kentucky",https://www.mountainproject.com/route/107941294/medicine-man,3.0,-1,Sport,5.13,1,80,37.67874,-83.7354
"A Cat Amongst the Pigeons","Velo Crag > Pendergrass-Murray Recreational Preserve (PMRP) > Red River Gorge > Kentucky",https://www.mountainproject.com/route/114420647/a-cat-amongst-the-pigeons,3.0,-1,Sport,5.12a,1,75,37.64552,-83.71831
"Summer Solstice","Velo Crag > Pendergrass-Murray Recreational Preserve (PMRP) > Red River Gorge > Kentucky",https://www.mountainproject.com/route/114290064/summer-solstice,2.0,-1,Sport,5.12b,1,80,37.64552,-83.71831
Thunderface,"Velo Crag > Pendergrass-Murray Recreational Preserve (PMRP) > Red River Gorge > Kentucky",https://www.mountainproject.com/route/116809012/thunderface,3.0,-1,Sport,5.12c,1,70,37.64552,-83.71831
"Slammed Drunk","The Mega Cave > Pendergrass-Murray Recreational Preserve (PMRP) > Red River Gorge > Kentucky",https://www.mountainproject.com/route/113766777/slammed-drunk,3.0,-1,Sport,5.13-,1,60,37.61729,-83.71203
"Open Project","The Mega Cave > Pendergrass-Murray Recreational Preserve (PMRP) > Red River Gorge > Kentucky",https://www.mountainproject.com/route/113775566/open-project,3.0,-1,Sport,5.13+,1,50,37.61729,-83.71203
"Yoko Ono","Throwback Crag > Pendergrass-Murray Recreational Preserve (PMRP) > Red River Gorge > Kentucky",https://www.mountainproject.com/route/113805519/yoko-ono,3.0,-1,Sport,5.12c,1,100,37.65246,-83.71932
"OG Pimp Juice","The Getaway > Pendergrass-Murray Recreational Preserve (PMRP) > Red River Gorge > Kentucky",https://www.mountainproject.com/route/114115546/og-pimp-juice,2.5,-1,Sport,5.12a,1,80,37.64525,-83.72348
"Afros, Macks, and Zodiacs","The Getaway > Pendergrass-Murray Recreational Preserve (PMRP) > Red River Gorge > Kentucky",https://www.mountainproject.com/route/114115556/afros-macks-and-zodiacs,3.0,-1,Sport,5.12c,1,90,37.64525,-83.72348
"Sluts are Cool","Beer Trailer Crag > Red River Gorge > Kentucky",https://www.mountainproject.com/route/111281182/sluts-are-cool,2.5,-1,Sport,5.12a,1,40,37.71511,-83.66665
"Afternoon Buzz","Beer Trailer Crag > Red River Gorge > Kentucky",https://www.mountainproject.com/route/112269960/afternoon-buzz,2.9,-1,Sport,5.12a,1,60,37.71511,-83.66665
"Wet Your Whistle","Beer Trailer Crag > Red River Gorge > Kentucky",https://www.mountainproject.com/route/113807007/wet-your-whistle,2.7,-1,Sport,5.12a,1,70,37.71511,-83.66665
"Morning Wood","Beer Trailer Crag > Red River Gorge > Kentucky",https://www.mountainproject.com/route/108401317/morning-wood,3.0,-1,Sport,"5.12a PG13",1,40,37.71511,-83.66665
"Evening Wood","Beer Trailer Crag > Red River Gorge > Kentucky",https://www.mountainproject.com/route/111790261/evening-wood,2.0,-1,Sport,5.12a,1,50,37.71511,-83.66665
"The Fray Train","Beer Trailer Crag > Red River Gorge > Kentucky",https://www.mountainproject.com/route/111790305/the-fray-train,3.0,-1,Sport,5.12b,1,55,37.71511,-83.66665
"High Life","Beer Trailer Crag > Red River Gorge > Kentucky",https://www.mountainproject.com/route/111790326/high-life,3.0,-1,Sport,5.12b,1,60,37.71511,-83.66665
"Hang Over","Beer Trailer Crag > Red River Gorge > Kentucky",https://www.mountainproject.com/route/111591162/hang-over,4.0,-1,Sport,5.12c,1,55,37.71511,-83.66665
"Tie One On","Beer Trailer Crag > Red River Gorge > Kentucky",https://www.mountainproject.com/route/113828925/tie-one-on,3.0,-1,Sport,5.12d,1,55,37.71511,-83.66665
"Darkness Falls","Beer Trailer Crag > Red River Gorge > Kentucky",https://www.mountainproject.com/route/108341662/darkness-falls,4.0,-1,Sport,5.12d,1,70,37.71511,-83.66665
"Better Than Homemade","Beer Trailer Crag > Red River Gorge > Kentucky",https://www.mountainproject.com/route/116738472/better-than-homemade,2.0,-1,Sport,5.12d,1,60,37.71511,-83.66665
"Falls City","Beer Trailer Crag > Red River Gorge > Kentucky",https://www.mountainproject.com/route/116166094/falls-city,3.7,-1,Sport,5.13b,1,55,37.71511,-83.66665
"Plague Doctor","The Infirmary > Miller Fork Recreational Preserve (MFRP) > Red River Gorge > Kentucky",https://www.mountainproject.com/route/111790210/plague-doctor,3.4,-1,Sport,5.12a,1,80,37.64193,-83.68332
"Sacbrood Virus","The Infirmary > Miller Fork Recreational Preserve (MFRP) > Red River Gorge > Kentucky",https://www.mountainproject.com/route/112093413/sacbrood-virus,3.0,-1,Sport,5.12a,1,75,37.64193,-83.68332
Triage,"The Infirmary > Miller Fork Recreational Preserve (MFRP) > Red River Gorge > Kentucky",https://www.mountainproject.com/route/113806967/triage,2.0,-1,Sport,5.12b,1,80,37.64193,-83.68332
Pandemic,"The Infirmary > Miller Fork Recreational Preserve (MFRP) > Red River Gorge > Kentucky",https://www.mountainproject.com/route/111366282/pandemic,3.0,-1,Sport,5.12b,1,80,37.64193,-83.68332
"Beta Blocker","The Infirmary > Miller Fork Recreational Preserve (MFRP) > Red River Gorge > Kentucky",https://www.mountainproject.com/route/111790230/beta-blocker,3.5,-1,Sport,5.12b,1,75,37.64193,-83.68332
Ebola,"The Infirmary > Miller Fork Recreational Preserve (MFRP) > Red River Gorge > Kentucky",https://www.mountainproject.com/route/111311280/ebola,3.5,-1,Sport,5.12b,1,70,37.64193,-83.68332
"Last Rites","The Infirmary > Miller Fork Recreational Preserve (MFRP) > Red River Gorge > Kentucky",https://www.mountainproject.com/route/111311288/last-rites,3.8,-1,Sport,5.12b,1,100,37.64193,-83.68332
"Diminished Gluteal Syndrome","The Infirmary > Miller Fork Recreational Preserve (MFRP) > Red River Gorge > Kentucky",https://www.mountainproject.com/route/113697287/diminished-gluteal-syndrome,3.0,-1,Sport,5.12c,1,100,37.64193,-83.68332
Anaphylaxis,"The Infirmary > Miller Fork Recreational Preserve (MFRP) > Red River Gorge > Kentucky",https://www.mountainproject.com/route/116715930/anaphylaxis,4.0,-1,Sport,5.12c,1,75,37.64193,-83.68332
"Psych Ward","The Infirmary > Miller Fork Recreational Preserve (MFRP) > Red River Gorge > Kentucky",https://www.mountainproject.com/route/116706186/psych-ward,1.0,-1,Sport,5.12c/d,1,100,37.64193,-83.68332
Halitosis,"The Infirmary > Miller Fork Recreational Preserve (MFRP) > Red River Gorge > Kentucky",https://www.mountainproject.com/route/115460936/halitosis,2.5,-1,Sport,5.12d,1,75,37.64193,-83.68332
"Foaming at the Mouth","The Infirmary > Miller Fork Recreational Preserve (MFRP) > Red River Gorge > Kentucky",https://www.mountainproject.com/route/112168166/foaming-at-the-mouth,3.6,-1,Sport,5.12d,1,110,37.64193,-83.68332
"Endless Numbered Days","The Infirmary > Miller Fork Recreational Preserve (MFRP) > Red River Gorge > Kentucky",https://www.mountainproject.com/route/113901289/endless-numbered-days,4.0,-1,Sport,5.13b,1,45,37.64193,-83.68332
Switch,"Chaos > Miller Fork Recreational Preserve (MFRP) > Red River Gorge > Kentucky",https://www.mountainproject.com/route/110813089/switch,2.9,-1,Sport,5.12-,1,80,37.64193,-83.68041
"Swamp Gator","Chaos > Miller Fork Recreational Preserve (MFRP) > Red River Gorge > Kentucky",https://www.mountainproject.com/route/110955673/swamp-gator,3.4,-1,Sport,5.12b,1,60,37.64193,-83.68041
"Live with a Curse","Chaos > Miller Fork Recreational Preserve (MFRP) > Red River Gorge > Kentucky",https://www.mountainproject.com/route/114328349/live-with-a-curse,2.8,-1,Sport,5.12d,1,70,37.64193,-83.68041
"Electric Dong","Chaos > Miller Fork Recreational Preserve (MFRP) > Red River Gorge > Kentucky",https://www.mountainproject.com/route/114328368/electric-dong,2.0,-1,Sport,5.12d,1,50,37.64193,-83.68041
Resistor,"Chaos > Miller Fork Recreational Preserve (MFRP) > Red River Gorge > Kentucky",https://www.mountainproject.com/route/110955668/resistor,3.3,-1,Sport,5.12d,1,60,37.64193,-83.68041
"Gettin Woolly","Secret Garden > Miller Fork Recreational Preserve (MFRP) > Red River Gorge > Kentucky",https://www.mountainproject.com/route/110529844/gettin-woolly,3.3,-1,Sport,5.12a/b,1,80,37.64036,-83.67556
"Nachos, Lemonheads, My Dad's Boat","Secret Garden > Miller Fork Recreational Preserve (MFRP) > Red River Gorge > Kentucky",https://www.mountainproject.com/route/111166584/nachos-lemonheads-my-dads-boat,3.0,-1,Sport,5.12b,1,75,37.64036,-83.67556
"Where's the Dope At?","Secret Garden > Miller Fork Recreational Preserve (MFRP) > Red River Gorge > Kentucky",https://www.mountainproject.com/route/113829013/wheres-the-dope-at,2.0,-1,Sport,5.12c,1,50,37.64036,-83.67556
"Can't Touch This","Serenity Point > Miller Fork Recreational Preserve (MFRP) > Red River Gorge > Kentucky",https://www.mountainproject.com/route/116354202/cant-touch-this,3.0,-1,Sport,5.12c,1,70,37.64136,-83.68044
Drosophila,"Fruit Wall > Miller Fork Recreational Preserve (MFRP) > Red River Gorge > Kentucky",https://www.mountainproject.com/route/110889573/drosophila,2.7,-1,Sport,5.12a,1,70,37.64504,-83.67849
"Pineapple Express","Fruit Wall > Miller Fork Recreational Preserve (MFRP) > Red River Gorge > Kentucky",https://www.mountainproject.com/route/111288768/pineapple-express,3.1,-1,Sport,5.12a,1,50,37.64504,-83.67849
"Mojo Bro Tank Bar Crawl","Fruit Wall > Miller Fork Recreational Preserve (MFRP) > Red River Gorge > Kentucky",https://www.mountainproject.com/route/111014640/mojo-bro-tank-bar-crawl,2.3,-1,Sport,5.12a,1,70,37.64504,-83.67849
"Banana Hammock","Fruit Wall > Miller Fork Recreational Preserve (MFRP) > Red River Gorge > Kentucky",https://www.mountainproject.com/route/110397693/banana-hammock,3.6,-1,Sport,5.12-,1,95,37.64504,-83.67849
"Fruit by the Foot","Fruit Wall > Miller Fork Recreational Preserve (MFRP) > Red River Gorge > Kentucky",https://www.mountainproject.com/route/111125297/fruit-by-the-foot,3.6,-1,Sport,5.12a/b,1,80,37.64504,-83.67849
"J's on My Feet","Fruit Wall > Miller Fork Recreational Preserve (MFRP) > Red River Gorge > Kentucky",https://www.mountainproject.com/route/111014632/js-on-my-feet,3.0,-1,Sport,5.12c,1,70,37.64504,-83.67849
"Fruit of My Loins","Fruit Wall > Miller Fork Recreational Preserve (MFRP) > Red River Gorge > Kentucky",https://www.mountainproject.com/route/112296276/fruit-of-my-loins,3.0,-1,Sport,5.12d,1,95,37.64504,-83.67849
"The Suffering","Monastery > Miller Fork Recreational Preserve (MFRP) > Red River Gorge > Kentucky",https://www.mountainproject.com/route/110430032/the-suffering,3.5,-1,Sport,5.12b,1,65,37.64121,-83.67611
"The Shaman","Monastery > Miller Fork Recreational Preserve (MFRP) > Red River Gorge > Kentucky",https://www.mountainproject.com/route/113654627/the-shaman,3.5,-1,Sport,5.12b,1,65,37.64121,-83.67611
Vagabond,"Monastery > Miller Fork Recreational Preserve (MFRP) > Red River Gorge > Kentucky",https://www.mountainproject.com/route/116636628/vagabond,2.0,-1,Sport,5.12b,1,65,37.64121,-83.67611
Prajna,"Monastery > Miller Fork Recreational Preserve (MFRP) > Red River Gorge > Kentucky",https://www.mountainproject.com/route/116592860/prajna,2.0,-1,Sport,5.12b,1,50,37.64121,-83.67611
Nomad,"Monastery > Miller Fork Recreational Preserve (MFRP) > Red River Gorge > Kentucky",https://www.mountainproject.com/route/116636688/nomad,3.0,-1,Sport,5.12c,1,75,37.64121,-83.67611
"Little Bohemian","Monastery > Miller Fork Recreational Preserve (MFRP) > Red River Gorge > Kentucky",https://www.mountainproject.com/route/116636708/little-bohemian,2.0,-1,Sport,5.12c,1,75,37.64121,-83.67611
"The Middle Path","Monastery > Miller Fork Recreational Preserve (MFRP) > Red River Gorge > Kentucky",https://www.mountainproject.com/route/113806776/the-middle-path,3.5,-1,Sport,5.12c,1,60,37.64121,-83.67611
"The Lesser of Two Evils","The Nursery > Miller Fork Recreational Preserve (MFRP) > Red River Gorge > Kentucky",https://www.mountainproject.com/route/112420134/the-lesser-of-two-evils,3.0,-1,Sport,5.12c,1,50,37.65088,-83.67849
"Born in the USA","The Record Shop > Miller Fork Recreational Preserve (MFRP) > Red River Gorge > Kentucky",https://www.mountainproject.com/route/111024772/born-in-the-usa,3.0,-1,Trad,5.12b,1,50,37.64753,-83.68238
"Appetite for Destruction","The Record Shop > Miller Fork Recreational Preserve (MFRP) > Red River Gorge > Kentucky",https://www.mountainproject.com/route/110845426/appetite-for-destruction,3.8,-1,Sport,5.12d,1,60,37.64753,-83.68238
"Whiskey Bent and Hell Bound","The Record Shop > Miller Fork Recreational Preserve (MFRP) > Red River Gorge > Kentucky",https://www.mountainproject.com/route/111024632/whiskey-bent-and-hell-bound,4.0,-1,Sport,5.13a,1,65,37.64753,-83.68238
"Knuckle Sauce","Deep End > Miller Fork Recreational Preserve (MFRP) > Red River Gorge > Kentucky",https://www.mountainproject.com/route/110889697/knuckle-sauce,3.5,-1,Sport,5.12a,1,70,37.63986,-83.68327
"Green Room","Deep End > Miller Fork Recreational Preserve (MFRP) > Red River Gorge > Kentucky",https://www.mountainproject.com/route/111366315/green-room,3.0,-1,Sport,5.12b,1,60,37.63986,-83.68327
"The Abyss","Deep End > Miller Fork Recreational Preserve (MFRP) > Red River Gorge > Kentucky",https://www.mountainproject.com/route/111268403/the-abyss,4.0,-1,Sport,5.12d,1,85,37.63986,-83.68327
"Adult Swim","Deep End > Miller Fork Recreational Preserve (MFRP) > Red River Gorge > Kentucky",https://www.mountainproject.com/route/111268413/adult-swim,3.5,-1,Sport,5.13a,1,85,37.63986,-83.68327
Tsunami,"Deep End > Miller Fork Recreational Preserve (MFRP) > Red River Gorge > Kentucky",https://www.mountainproject.com/route/114115497/tsunami,4.0,-1,Sport,5.13a,1,55,37.63986,-83.68327
"Heavy Seas","Deep End > Miller Fork Recreational Preserve (MFRP) > Red River Gorge > Kentucky",https://www.mountainproject.com/route/114374665/heavy-seas,3.0,-1,Sport,5.13b,1,80,37.63986,-83.68327
"Lights Out","The Portal > Miller Fork Recreational Preserve (MFRP) > Red River Gorge > Kentucky",https://www.mountainproject.com/route/112093374/lights-out,2.8,-1,Sport,5.12a,1,60,37.64698,-83.67826
Singularity,"The Portal > Miller Fork Recreational Preserve (MFRP) > Red River Gorge > Kentucky",https://www.mountainproject.com/route/111169571/singularity,3.9,-1,Sport,5.12b/c,1,80,37.64698,-83.67826
"On Thin Ice","The Portal > Miller Fork Recreational Preserve (MFRP) > Red River Gorge > Kentucky",https://www.mountainproject.com/route/113785859/on-thin-ice,3.0,-1,Sport,5.12c,1,80,37.64698,-83.67826
"The Incinerator","The Morgue > Miller Fork Recreational Preserve (MFRP) > Red River Gorge > Kentucky",https://www.mountainproject.com/route/111323215/the-incinerator,3.2,-1,Sport,5.12a,1,70,37.64723,-83.68076
"Death Certificate","The Morgue > Miller Fork Recreational Preserve (MFRP) > Red River Gorge > Kentucky",https://www.mountainproject.com/route/111310997/death-certificate,2.0,-1,Sport,5.12a,1,50,37.64723,-83.68076
"Coroner (a.k.a. Rachel's Project)","The Morgue > Miller Fork Recreational Preserve (MFRP) > Red River Gorge > Kentucky",https://www.mountainproject.com/route/111310990/coroner-aka-rachels-project,3.9,-1,Sport,5.12c,1,90,37.64723,-83.68076
"Bone Machine","The Morgue > Miller Fork Recreational Preserve (MFRP) > Red River Gorge > Kentucky",https://www.mountainproject.com/route/111857310/bone-machine,3.5,-1,Sport,5.12d,1,70,37.64723,-83.68076
Scalpel,"The Morgue > Miller Fork Recreational Preserve (MFRP) > Red River Gorge > Kentucky",https://www.mountainproject.com/route/111857208/scalpel,4.0,-1,Sport,5.13a,1,90,37.64723,-83.68076
"Unstable Behavior","Coopers Cove > Miller Fork Recreational Preserve (MFRP) > Red River Gorge > Kentucky",https://www.mountainproject.com/route/111781422/unstable-behavior,1.0,-1,Sport,5.12a,1,70,37.64138,-83.68193
"The Devil in the White City","Coopers Cove > Miller Fork Recreational Preserve (MFRP) > Red River Gorge > Kentucky",https://www.mountainproject.com/route/112254683/the-devil-in-the-white-city,2.0,-1,Sport,5.12a,1,60,37.64138,-83.68193
"Dead on Arrival","Graveyard > Miller Fork Recreational Preserve (MFRP) > Red River Gorge > Kentucky",https://www.mountainproject.com/route/111311131/dead-on-arrival,3.6,-1,Sport,5.12a,1,60,37.64631,-83.68032
"Grim Reaper","Graveyard > Miller Fork Recreational Preserve (MFRP) > Red River Gorge > Kentucky",https://www.mountainproject.com/route/111311121/grim-reaper,4.0,-1,Sport,5.12a/b,1,100,37.64631,-83.68032
Nimbus,"Cloud 9 > Miller Fork Recreational Preserve (MFRP) > Red River Gorge > Kentucky",https://www.mountainproject.com/route/113229839/nimbus,3.3,-1,Sport,5.12a,1,45,37.64255,-83.68534
"Better than a Stick in the Eye","Cloud 9 > Miller Fork Recreational Preserve (MFRP) > Red River Gorge > Kentucky",https://www.mountainproject.com/route/113229621/better-than-a-stick-in-the-eye,1.0,-1,Sport,5.12a,1,85,37.64255,-83.68534
"Over Shadowed","Cloud 9 > Miller Fork Recreational Preserve (MFRP) > Red River Gorge > Kentucky",https://www.mountainproject.com/route/114941499/over-shadowed,2.5,-1,Sport,5.12b,1,75,37.64255,-83.68534
"Fight Test","Cloud 9 > Miller Fork Recreational Preserve (MFRP) > Red River Gorge > Kentucky",https://www.mountainproject.com/route/114941519/fight-test,3.0,-1,Sport,5.12b,1,70,37.64255,-83.68534
Countdown,"Cloud 9 > Miller Fork Recreational Preserve (MFRP) > Red River Gorge > Kentucky",https://www.mountainproject.com/route/113229820/countdown,3.0,-1,Sport,5.12c,1,65,37.64255,-83.68534
Understory,"Corner Pocket > Miller Fork Recreational Preserve (MFRP) > Red River Gorge > Kentucky",https://www.mountainproject.com/route/114506730/understory,2.0,-1,Sport,5.12b,1,45,37.64509,-83.67551
Monolith,"Corner Pocket > Miller Fork Recreational Preserve (MFRP) > Red River Gorge > Kentucky",https://www.mountainproject.com/route/113936253/monolith,4.0,-1,Sport,5.12c,1,50,37.64509,-83.67551
Cornerstone,"Corner Pocket > Miller Fork Recreational Preserve (MFRP) > Red River Gorge > Kentucky",https://www.mountainproject.com/route/113936291/cornerstone,4.0,-1,Sport,5.13d,1,95,37.64509,-83.67551
"Weird Science","The Laboratory > Miller Fork Recreational Preserve (MFRP) > Red River Gorge > Kentucky",https://www.mountainproject.com/route/111855430/weird-science,2.0,-1,Sport,5.12a,1,70,37.64461,-83.68018
"Flight Risk","Alcatraz > Miller Fork Recreational Preserve (MFRP) > Red River Gorge > Kentucky",https://www.mountainproject.com/route/112279661/flight-risk,1.0,-1,Sport,5.12a,1,100,37.64264,-83.68139
"Clown Patrol","Sanitarium > Miller Fork Recreational Preserve (MFRP) > Red River Gorge > Kentucky",https://www.mountainproject.com/route/116354141/clown-patrol,4.0,-1,Sport,5.12a,1,90,37.65258,-83.68137
"Break Out","Sanitarium > Miller Fork Recreational Preserve (MFRP) > Red River Gorge > Kentucky",https://www.mountainproject.com/route/116354154/break-out,2.0,-1,Sport,5.12a,1,95,37.65258,-83.68137
"Hot Wet Noodles","Sanitarium > Miller Fork Recreational Preserve (MFRP) > Red River Gorge > Kentucky",https://www.mountainproject.com/route/111426401/hot-wet-noodles,3.5,-1,Sport,5.12b,1,90,37.65258,-83.68137
"Forty Years of Justice","Sanitarium > Miller Fork Recreational Preserve (MFRP) > Red River Gorge > Kentucky",https://www.mountainproject.com/route/116354108/forty-years-of-justice,3.0,-1,Sport,5.12c,1,90,37.65258,-83.68137
"Stunning the Halg","The Hal Garner Memorial Crag > Miller Fork Recreational Preserve (MFRP) > Red River Gorge > Kentucky",https://www.mountainproject.com/route/113836676/stunning-the-halg,3.0,-1,Sport,5.12a,1,40,37.63921,-83.67877
"The French Taunt","Camelot > Miller Fork Recreational Preserve (MFRP) > Red River Gorge > Kentucky",https://www.mountainproject.com/route/114530405/the-french-taunt,2.0,-1,Sport,5.12b,1,30,37.64911,-83.67518
"Ball Scratcher","(1) Buckeye Buttress > The Motherlode > Bald Rock Recreational Preserve (BRRP) > Red River Gorge > Kentucky",https://www.mountainproject.com/route/106598936/ball-scratcher,2.9,-1,Sport,5.12a,1,50,37.64704,-83.71348
"The Chronic","(1) Buckeye Buttress > The Motherlode > Bald Rock Recreational Preserve (BRRP) > Red River Gorge > Kentucky",https://www.mountainproject.com/route/108371294/the-chronic,2.6,-1,Sport,5.12b,1,50,37.64704,-83.71348
"Buff the Wood","(1) Buckeye Buttress > The Motherlode > Bald Rock Recreational Preserve (BRRP) > Red River Gorge > Kentucky",https://www.mountainproject.com/route/106261131/buff-the-wood,3.5,-1,Sport,5.12b,1,55,37.64704,-83.71348
Stain,"(1) Buckeye Buttress > The Motherlode > Bald Rock Recreational Preserve (BRRP) > Red River Gorge > Kentucky",https://www.mountainproject.com/route/106286382/stain,3.8,-1,Sport,5.12c,1,50,37.64704,-83.71348
"Heart Shaped Box","(1) Buckeye Buttress > The Motherlode > Bald Rock Recreational Preserve (BRRP) > Red River Gorge > Kentucky",https://www.mountainproject.com/route/106286388/heart-shaped-box,3.4,-1,Sport,5.12c,1,50,37.64704,-83.71348
"The Reacharound","(1) Buckeye Buttress > The Motherlode > Bald Rock Recreational Preserve (BRRP) > Red River Gorge > Kentucky",https://www.mountainproject.com/route/107055948/the-reacharound,1.8,-1,Sport,5.12c,1,40,37.64704,-83.71348
"Golden Touch","(1) Buckeye Buttress > The Motherlode > Bald Rock Recreational Preserve (BRRP) > Red River Gorge > Kentucky",https://www.mountainproject.com/route/106543000/golden-touch,3.0,-1,Sport,5.13b,1,45,37.64704,-83.71348
"Purdy Mouth","(2) Warm-Up Wall > The Motherlode > Bald Rock Recreational Preserve (BRRP) > Red River Gorge > Kentucky",https://www.mountainproject.com/route/109089998/purdy-mouth,1.5,-1,Sport,5.12b,1,,37.64722,-83.71305
"Swahili Slang","(2) Warm-Up Wall > The Motherlode > Bald Rock Recreational Preserve (BRRP) > Red River Gorge > Kentucky",https://www.mountainproject.com/route/106598941/swahili-slang,3.9,-1,Sport,5.12c,1,75,37.64722,-83.71305
"So Low","(2) Warm-Up Wall > The Motherlode > Bald Rock Recreational Preserve (BRRP) > Red River Gorge > Kentucky",https://www.mountainproject.com/route/110329120/so-low,3.0,-1,Sport,5.12c,1,70,37.64722,-83.71305
"Take That Katie Brown","(2) Warm-Up Wall > The Motherlode > Bald Rock Recreational Preserve (BRRP) > Red River Gorge > Kentucky",https://www.mountainproject.com/route/114017020/take-that-katie-brown,4.0,-1,Sport,5.13b,1,70,37.64722,-83.71305
"False Positive","(3) GMC Wall > The Motherlode > Bald Rock Recreational Preserve (BRRP) > Red River Gorge > Kentucky",https://www.mountainproject.com/route/108646527/false-positive,3.0,-1,Sport,5.12c,1,70,37.64717,-83.71263
"Hot For Teacher","(3) GMC Wall > The Motherlode > Bald Rock Recreational Preserve (BRRP) > Red River Gorge > Kentucky",https://www.mountainproject.com/route/106969294/hot-for-teacher,3.4,-1,Sport,5.12c,1,75,37.64717,-83.71263
"8 Ball","(3) GMC Wall > The Motherlode > Bald Rock Recreational Preserve (BRRP) > Red River Gorge > Kentucky",https://www.mountainproject.com/route/106575765/8-ball,3.8,-1,Sport,5.12d,1,70,37.64717,-83.71263
Snooker,"(3) GMC Wall > The Motherlode > Bald Rock Recreational Preserve (BRRP) > Red River Gorge > Kentucky",https://www.mountainproject.com/route/107055936/snooker,3.6,-1,Sport,5.13a,1,60,37.64717,-83.71263
Cutthroat,"(3) GMC Wall > The Motherlode > Bald Rock Recreational Preserve (BRRP) > Red River Gorge > Kentucky",https://www.mountainproject.com/route/107055941/cutthroat,3.8,-1,Sport,5.13b,1,60,37.64717,-83.71263
"White Man's Overbite","(3) GMC Wall > The Motherlode > Bald Rock Recreational Preserve (BRRP) > Red River Gorge > Kentucky",https://www.mountainproject.com/route/107152892/white-mans-overbite,-1.0,-1,Sport,5.13c,1,80,37.64717,-83.71263
"Forty Ounces of Justice","(4) Madness Cave > The Motherlode > Bald Rock Recreational Preserve (BRRP) > Red River Gorge > Kentucky",https://www.mountainproject.com/route/106585375/forty-ounces-of-justice,3.7,-1,Sport,5.13a,1,110,37.64692,-83.71251
"Flour Power","(4) Madness Cave > The Motherlode > Bald Rock Recreational Preserve (BRRP) > Red River Gorge > Kentucky",https://www.mountainproject.com/route/106969206/flour-power,3.9,-1,Sport,5.13b,1,90,37.64692,-83.71251
BOHICA,"(4) Madness Cave > The Motherlode > Bald Rock Recreational Preserve (BRRP) > Red River Gorge > Kentucky",https://www.mountainproject.com/route/106575756/bohica,3.9,-1,Sport,5.13b,1,100,37.64692,-83.71251
"The Madness","(4) Madness Cave > The Motherlode > Bald Rock Recreational Preserve (BRRP) > Red River Gorge > Kentucky",https://www.mountainproject.com/route/106575777/the-madness,4.0,-1,Sport,5.13c,1,120,37.64692,-83.71251
"Pushing Up Daisies","(4) Madness Cave > The Motherlode > Bald Rock Recreational Preserve (BRRP) > Red River Gorge > Kentucky",https://www.mountainproject.com/route/106969249/pushing-up-daisies,4.0,-1,Sport,5.13c,1,130,37.64692,-83.71251
"Transworld Depravity","(4) Madness Cave > The Motherlode > Bald Rock Recreational Preserve (BRRP) > Red River Gorge > Kentucky",https://www.mountainproject.com/route/107392101/transworld-depravity,4.0,-1,Sport,5.14a,1,100,37.64692,-83.71251
"Omaha Beach","(4) Madness Cave > The Motherlode > Bald Rock Recreational Preserve (BRRP) > Red River Gorge > Kentucky",https://www.mountainproject.com/route/111342844/omaha-beach,4.0,-1,Sport,5.14a,1,130,37.64692,-83.71251
"Burlier's Bane","(5) Undertow Wall > The Motherlode > Bald Rock Recreational Preserve (BRRP) > Red River Gorge > Kentucky",https://www.mountainproject.com/route/106538496/burliers-bane,2.8,-1,Sport,5.12a,1,60,37.64631,-83.71195
"Kick Me In The Jimmie","(5) Undertow Wall > The Motherlode > Bald Rock Recreational Preserve (BRRP) > Red River Gorge > Kentucky",https://www.mountainproject.com/route/106484047/kick-me-in-the-jimmie,3.0,-1,Sport,5.12a,1,60,37.64631,-83.71195
"Scrambled Porn","(5) Undertow Wall > The Motherlode > Bald Rock Recreational Preserve (BRRP) > Red River Gorge > Kentucky",https://www.mountainproject.com/route/112224367/scrambled-porn,1.0,-1,Sport,5.12a,1,60,37.64631,-83.71195
"Chainsaw Massacre","(5) Undertow Wall > The Motherlode > Bald Rock Recreational Preserve (BRRP) > Red River Gorge > Kentucky",https://www.mountainproject.com/route/106153682/chainsaw-massacre,3.4,-1,Sport,5.12a,1,60,37.64631,-83.71195
"The Sauce","(5) Undertow Wall > The Motherlode > Bald Rock Recreational Preserve (BRRP) > Red River Gorge > Kentucky",https://www.mountainproject.com/route/106925412/the-sauce,2.6,-1,Sport,5.12b,1,60,37.64631,-83.71195
"The Verdict","(5) Undertow Wall > The Motherlode > Bald Rock Recreational Preserve (BRRP) > Red River Gorge > Kentucky",https://www.mountainproject.com/route/106932351/the-verdict,2.8,-1,Sport,5.12b,1,70,37.64631,-83.71195
"Rocket Dog","(5) Undertow Wall > The Motherlode > Bald Rock Recreational Preserve (BRRP) > Red River Gorge > Kentucky",https://www.mountainproject.com/route/106305165/rocket-dog,3.1,-1,Sport,5.12b,1,55,37.64631,-83.71195
Ale-8-One,"(5) Undertow Wall > The Motherlode > Bald Rock Recreational Preserve (BRRP) > Red River Gorge > Kentucky",https://www.mountainproject.com/route/106445478/ale-8-one,3.6,-1,Sport,5.12b,1,70,37.64631,-83.71195
"The Low Easy One","(5) Undertow Wall > The Motherlode > Bald Rock Recreational Preserve (BRRP) > Red River Gorge > Kentucky",https://www.mountainproject.com/route/106895870/the-low-easy-one,2.3,-1,Sport,5.12b,1,55,37.64631,-83.71195
Resurrection,"(5) Undertow Wall > The Motherlode > Bald Rock Recreational Preserve (BRRP) > Red River Gorge > Kentucky",https://www.mountainproject.com/route/106727829/resurrection,3.7,-1,Sport,5.12c,1,80,37.64631,-83.71195
"Crime Time","(5) Undertow Wall > The Motherlode > Bald Rock Recreational Preserve (BRRP) > Red River Gorge > Kentucky",https://www.mountainproject.com/route/106756611/crime-time,2.0,-1,Sport,5.12d,1,80,37.64631,-83.71195
"Leave it to Beavis","(5) Undertow Wall > The Motherlode > Bald Rock Recreational Preserve (BRRP) > Red River Gorge > Kentucky",https://www.mountainproject.com/route/106585384/leave-it-to-beavis,3.3,-1,Sport,5.12d,1,80,37.64631,-83.71195
Harvest,"(5) Undertow Wall > The Motherlode > Bald Rock Recreational Preserve (BRRP) > Red River Gorge > Kentucky",https://www.mountainproject.com/route/106417458/harvest,3.5,-1,Sport,5.12d,1,85,37.64631,-83.71195
"Flux Capacitor","(5) Undertow Wall > The Motherlode > Bald Rock Recreational Preserve (BRRP) > Red River Gorge > Kentucky",https://www.mountainproject.com/route/106417464/flux-capacitor,3.0,-1,Sport,5.12d,1,95,37.64631,-83.71195
"Tuna Town","(5) Undertow Wall > The Motherlode > Bald Rock Recreational Preserve (BRRP) > Red River Gorge > Kentucky",https://www.mountainproject.com/route/106393414/tuna-town,3.9,-1,Sport,5.12d,1,80,37.64631,-83.71195
"Team Wilson","(5) Undertow Wall > The Motherlode > Bald Rock Recreational Preserve (BRRP) > Red River Gorge > Kentucky",https://www.mountainproject.com/route/106916504/team-wilson,3.9,-1,Sport,5.12d,1,85,37.64631,-83.71195
"The High Hard One (aka Subman)","(5) Undertow Wall > The Motherlode > Bald Rock Recreational Preserve (BRRP) > Red River Gorge > Kentucky",https://www.mountainproject.com/route/106736608/the-high-hard-one-aka-subman,2.7,-1,Sport,5.12d,1,85,37.64631,-83.71195
Convicted,"(5) Undertow Wall > The Motherlode > Bald Rock Recreational Preserve (BRRP) > Red River Gorge > Kentucky",https://www.mountainproject.com/route/106598931/convicted,3.9,-1,Sport,5.13a,1,75,37.64631,-83.71195
Hoofmaker,"(5) Undertow Wall > The Motherlode > Bald Rock Recreational Preserve (BRRP) > Red River Gorge > Kentucky",https://www.mountainproject.com/route/106417447/hoofmaker,4.0,-1,Sport,5.13a,1,80,37.64631,-83.71195
"Skin Boat","(5) Undertow Wall > The Motherlode > Bald Rock Recreational Preserve (BRRP) > Red River Gorge > Kentucky",https://www.mountainproject.com/route/106579687/skin-boat,3.8,-1,Sport,5.13a,1,80,37.64631,-83.71195
"Swedish Fish","Chocolate Factory > Bald Rock Recreational Preserve (BRRP) > Red River Gorge > Kentucky",https://www.mountainproject.com/route/108043545/swedish-fish,3.9,-1,Sport,5.12a,1,110,37.64919,-83.71343
Icebreaker,"Chocolate Factory > Bald Rock Recreational Preserve (BRRP) > Red River Gorge > Kentucky",https://www.mountainproject.com/route/108128595/icebreaker,3.2,-1,Sport,5.12a,1,80,37.64919,-83.71343
"Shootin' Hot Hugs","Chocolate Factory > Bald Rock Recreational Preserve (BRRP) > Red River Gorge > Kentucky",https://www.mountainproject.com/route/114251864/shootin-hot-hugs,2.8,-1,Sport,5.12a,1,70,37.64919,-83.71343
"Mike Teavee","Chocolate Factory > Bald Rock Recreational Preserve (BRRP) > Red River Gorge > Kentucky",https://www.mountainproject.com/route/108749249/mike-teavee,2.0,-1,Sport,5.12a,1,70,37.64919,-83.71343
Naked,"Chocolate Factory > Bald Rock Recreational Preserve (BRRP) > Red River Gorge > Kentucky",https://www.mountainproject.com/route/108341704/naked,3.1,-1,Sport,5.12a,1,50,37.64919,-83.71343
"Butane Junky","Chocolate Factory > Bald Rock Recreational Preserve (BRRP) > Red River Gorge > Kentucky",https://www.mountainproject.com/route/110239204/butane-junky,3.0,-1,Sport,5.12a,1,70,37.64919,-83.71343
"J Rat's Back","Chocolate Factory > Bald Rock Recreational Preserve (BRRP) > Red River Gorge > Kentucky",https://www.mountainproject.com/route/106453221/j-rats-back,3.3,-1,Sport,5.12a,1,70,37.64919,-83.71343
"Ball Nuts and Brassies (Aka Broken Ankles)","Chocolate Factory > Bald Rock Recreational Preserve (BRRP) > Red River Gorge > Kentucky",https://www.mountainproject.com/route/108640441/ball-nuts-and-brassies-aka-broken-ankles,2.0,-1,Trad,"5.12- PG13",1,70,37.64919,-83.71343
Gilgamesh,"Chocolate Factory > Bald Rock Recreational Preserve (BRRP) > Red River Gorge > Kentucky",https://www.mountainproject.com/route/108126174/gilgamesh,3.5,-1,Sport,5.12b,1,60,37.64919,-83.71343
"Bleak December","Chocolate Factory > Bald Rock Recreational Preserve (BRRP) > Red River Gorge > Kentucky",https://www.mountainproject.com/route/107401205/bleak-december,3.3,-1,Sport,5.12b,1,65,37.64919,-83.71343
"The Dainty Butterfly","Chocolate Factory > Bald Rock Recreational Preserve (BRRP) > Red River Gorge > Kentucky",https://www.mountainproject.com/route/111312129/the-dainty-butterfly,3.0,-1,Sport,5.12c,1,55,37.64919,-83.71343
Gobstopper,"Chocolate Factory > Bald Rock Recreational Preserve (BRRP) > Red River Gorge > Kentucky",https://www.mountainproject.com/route/107667776/gobstopper,3.4,-1,Sport,5.12c,1,90,37.64919,-83.71343
Fatman,"Chocolate Factory > Bald Rock Recreational Preserve (BRRP) > Red River Gorge > Kentucky",https://www.mountainproject.com/route/110325706/fatman,3.2,-1,Sport,5.12c,1,60,37.64919,-83.71343
Malice,"Chocolate Factory > Bald Rock Recreational Preserve (BRRP) > Red River Gorge > Kentucky",https://www.mountainproject.com/route/106968288/malice,3.7,-1,Sport,5.12c,1,60,37.64919,-83.71343
"Death by Chocolate","Chocolate Factory > Bald Rock Recreational Preserve (BRRP) > Red River Gorge > Kentucky",https://www.mountainproject.com/route/112337789/death-by-chocolate,4.0,-1,Sport,5.13a,1,120,37.64919,-83.71343
"Gene Wilder","Chocolate Factory > Bald Rock Recreational Preserve (BRRP) > Red River Gorge > Kentucky",https://www.mountainproject.com/route/108430483/gene-wilder,3.7,-1,Sport,5.13a,1,75,37.64919,-83.71343
Fatface,"Chocolate Factory > Bald Rock Recreational Preserve (BRRP) > Red River Gorge > Kentucky",https://www.mountainproject.com/route/114115512/fatface,2.7,-1,Sport,5.13a,1,45,37.64919,-83.71343
Charlie,"Chocolate Factory > Bald Rock Recreational Preserve (BRRP) > Red River Gorge > Kentucky",https://www.mountainproject.com/route/108415831/charlie,4.0,-1,Trad,5.13b,1,70,37.64919,-83.71343
Molten,"Chocolate Factory > Bald Rock Recreational Preserve (BRRP) > Red River Gorge > Kentucky",https://www.mountainproject.com/route/108055657/molten,3.0,-1,Sport,5.13b,1,85,37.64919,-83.71343
"Cat's Demise","Chocolate Factory > Bald Rock Recreational Preserve (BRRP) > Red River Gorge > Kentucky",https://www.mountainproject.com/route/107759737/cats-demise,3.8,-1,Sport,5.13b,1,70,37.64919,-83.71343
"Divine Punishment","Chocolate Factory > Bald Rock Recreational Preserve (BRRP) > Red River Gorge > Kentucky",https://www.mountainproject.com/route/114264039/divine-punishment,4.0,-1,Sport,5.13b,1,90,37.64919,-83.71343
"Silky Smooth","Chocolate Factory > Bald Rock Recreational Preserve (BRRP) > Red River Gorge > Kentucky",https://www.mountainproject.com/route/114263947/silky-smooth,4.0,-1,Sport,5.13c,1,75,37.64919,-83.71343
"Eternal Fire","Chocolate Factory > Bald Rock Recreational Preserve (BRRP) > Red River Gorge > Kentucky",https://www.mountainproject.com/route/113883811/eternal-fire,4.0,-1,Sport,5.13c,1,,37.64919,-83.71343
Buttercup,"Chocolate Factory > Bald Rock Recreational Preserve (BRRP) > Red River Gorge > Kentucky",https://www.mountainproject.com/route/108412856/buttercup,3.7,-1,Sport,5.13c,1,80,37.64919,-83.71343
"Pure Imagination","Chocolate Factory > Bald Rock Recreational Preserve (BRRP) > Red River Gorge > Kentucky",https://www.mountainproject.com/route/108366830/pure-imagination,4.0,-1,Sport,5.14c,1,80,37.64919,-83.71343
"Golden Ticket","Chocolate Factory > Bald Rock Recreational Preserve (BRRP) > Red River Gorge > Kentucky",https://www.mountainproject.com/route/108521478/golden-ticket,3.5,-1,Sport,5.14+,1,85,37.64919,-83.71343
"72 Hour Energy","The Bear's Den > Bald Rock Recreational Preserve (BRRP) > Red River Gorge > Kentucky",https://www.mountainproject.com/route/110261773/72-hour-energy,3.1,-1,Sport,5.12a,1,70,37.64584,-83.71181
"Barren Gold","The Bear's Den > Bald Rock Recreational Preserve (BRRP) > Red River Gorge > Kentucky",https://www.mountainproject.com/route/116498016/barren-gold,3.0,-1,Sport,5.12a,1,60,37.64584,-83.71181
Routeburglar,"The Bear's Den > Bald Rock Recreational Preserve (BRRP) > Red River Gorge > Kentucky",https://www.mountainproject.com/route/111281142/routeburglar,3.3,-1,Sport,5.12a,1,75,37.64584,-83.71181
"In Red We Trust","The Bear's Den > Bald Rock Recreational Preserve (BRRP) > Red River Gorge > Kentucky",https://www.mountainproject.com/route/113740571/in-red-we-trust,3.0,-1,Sport,5.12b,1,40,37.64584,-83.71181
"Rules of Engagement","The Bear's Den > Bald Rock Recreational Preserve (BRRP) > Red River Gorge > Kentucky",https://www.mountainproject.com/route/116070292/rules-of-engagement,4.0,-1,Sport,5.13a,1,95,37.64584,-83.71181
Sky,"Pumpkin Patch > Cathedral Domain Climbing Area (CDCA) > Red River Gorge > Kentucky",https://www.mountainproject.com/route/116382271/sky,3.0,-1,Sport,5.12a,1,55,37.65852,-83.79409
"Candy Apple Red","Pumpkin Patch > Cathedral Domain Climbing Area (CDCA) > Red River Gorge > Kentucky",https://www.mountainproject.com/route/116386256/candy-apple-red,3.0,-1,Sport,5.12a,1,50,37.65852,-83.79409
Shakerbox,"Pumpkin Patch > Cathedral Domain Climbing Area (CDCA) > Red River Gorge > Kentucky",https://www.mountainproject.com/route/116382159/shakerbox,3.0,-1,Sport,5.12b,1,50,37.65852,-83.79409
"Wreck it Ralph","Pumpkin Patch > Cathedral Domain Climbing Area (CDCA) > Red River Gorge > Kentucky",https://www.mountainproject.com/route/116382453/wreck-it-ralph,2.0,-1,Sport,5.12,1,45,37.65852,-83.79409
"Blood Brothers","Pumpkin Patch > Cathedral Domain Climbing Area (CDCA) > Red River Gorge > Kentucky",https://www.mountainproject.com/route/116382184/blood-brothers,2.0,-1,Sport,5.12b/c,1,50,37.65852,-83.79409
"Blood still blue","Apollo Wall > Cathedral Domain Climbing Area (CDCA) > Red River Gorge > Kentucky",https://www.mountainproject.com/route/116492339/blood-still-blue,3.0,-1,Sport,5.12a/b,1,50,37.66077,-83.79047
"A New Low","Apollo Wall > Cathedral Domain Climbing Area (CDCA) > Red River Gorge > Kentucky",https://www.mountainproject.com/route/116491944/a-new-low,3.0,-1,Sport,5.12b/c,1,50,37.66077,-83.79047
"Split Wrist","BackStreet > Cathedral Domain Climbing Area (CDCA) > Red River Gorge > Kentucky",https://www.mountainproject.com/route/116529898/split-wrist,2.0,-1,Sport,5.12a/b,1,40,37.65522,-83.78679
"A Fine Line","The Port > Cathedral Domain Climbing Area (CDCA) > Red River Gorge > Kentucky",https://www.mountainproject.com/route/116550939/a-fine-line,3.0,-1,Sport,5.12a,1,45,37.65622,-83.79092
OnColove,"The Port > Cathedral Domain Climbing Area (CDCA) > Red River Gorge > Kentucky",https://www.mountainproject.com/route/116561127/oncolove,3.0,-1,Sport,5.12a,1,50,37.65622,-83.79092
"Anchored Up","The Port > Cathedral Domain Climbing Area (CDCA) > Red River Gorge > Kentucky",https://www.mountainproject.com/route/116550804/anchored-up,2.0,-1,Sport,5.12b,1,35,37.65622,-83.79092
"Full Mast","The Port > Cathedral Domain Climbing Area (CDCA) > Red River Gorge > Kentucky",https://www.mountainproject.com/route/116550751/full-mast,2.0,-1,Sport,5.12c/d,1,35,37.65622,-83.79092
"Doves Cry","Hades > Cathedral Domain Climbing Area (CDCA) > Red River Gorge > Kentucky",https://www.mountainproject.com/route/116579085/doves-cry,2.0,-1,Sport,5.12a,1,35,37.65787,-83.79038
Hero,"Hades > Cathedral Domain Climbing Area (CDCA) > Red River Gorge > Kentucky",https://www.mountainproject.com/route/116578772/hero,2.0,-1,Sport,5.12-,1,35,37.65787,-83.79038
Bewitched,"Hades > Cathedral Domain Climbing Area (CDCA) > Red River Gorge > Kentucky",https://www.mountainproject.com/route/116579071/bewitched,2.0,-1,Sport,5.12b,1,35,37.65787,-83.79038
